code,country_code,name_int
KWV,PG,Kurwina
SFA,TN,Sfax
SFN,AR,Sahta Fe
SFO,US,San Fra
SFT,SE,Skelleftea
SGC,RU,Surgut
SGD,DK,Sonderbor
SGF,US,Springfie
SGN,VN,Ho Chi Minh
SGO,GD,St.George's
SHA,CN,Shanghai
SHE,CN,Shenyang
SHJ,AE,Sharjah
SIA,CN,Xi An
SID,CV,Sal
SIN,SG,Singapore
SIP,RU,Simferop
SIT,US,Sitka
SJC,US,San Jose CA
SJD,MX,San Jose Cabo
SJI,PH,San Jose
SJJ,BA,Sarajevo
SJU,PR,San Juan
SJW,CN,Shijiazhuang
SKD,UZ,Samarkand
SKG,GR,Thessalonik
SKP,MK,Skopje
SKS,DK,Vojens
SKX,RU,Saransk
SLC,US,Salt Lake
SLD,CZ,Sliach
SLJ,RU,*Salehard*
SLU,LC,St Lucia
SMO,US,Santa Monica
SNA,US,Santa Ana
SNH,AT,Stanthorpe
SNN,IE,Shannon
SOF,BG,Sofia
SOU,GB,Southamp
SPC,ES,Santa Cruz La Palma
SPK,JP,Sapporo
SPN,US,Saipan
SPR,BR,San Pedro
SPU,HR,Split
SRE,BO,Sucre
SRQ,US,Sarasota
SRZ,BO,SANTA CRUZ-EL TROMPILLO
SSA,BR,Salvador
SSG,GQ,Malabo
SSH,EG,Sharm El Sheik
SSJ,NO,Sandnes
SSZ,BR,Santos
STL,US,St Louis
STN,GB,Stansted
STO,SE,Stockholm
STR,DE,Stuttgart
STT,US,St Thomas
STW,RU,Stavropol
STX,VI,St Croix
SUB,ID,Surabaya
SUF,IT,Lamezia
SUI,GE,Sukhumi
SUV,FJ,Suva
SVD,VC,St Vincent
SVG,NO,Stavanger
SVQ,ES,Seville
SVX,RU,Ekaterinburg
SWA,CN,Shantou
SWT,RU,Stregew
SXB,FR,Strasbourg
SXM,AN,St Maarten
SXR,IN,Srinagar
SYD,AU,Sydney
SYR,US,Syracuse
SYX,CN,Sanya
SYZ,IR,Shiraz
SZG,AT,Salzburg
SZX,CN,Shenzhen
SZZ,PL,Szszecin
TAI,YE,Taiz
TAO,CN,Qingdao
TAS,UZ,Tashkent
TAT,CZ,Tatry/Poprad
TAY,EE,Tartu
TAZ,TM,Dashkhovuz
TBO,TZ,Tabora
TBS,GE,Tbilisi
TBT,BR,Tabatinga Am
TBU,TO,Tongatapu
TBW,RU,Tambov
TBZ,IR,Tabriz
TCT,US,Takotna
TEE,DZ,Tbessa
TEQ,TR,Tekirdag
TER,PT,Terceira Is
JMU,CN,JIAMUSI
TGD,ME,Podgorica
TGT,TZ,Tanga
TGU,HN,Tegucigalpa
THR,IR,Tehran
TIA,AL,Tirana
TIJ,MX,Tijuana
TIP,LY,Tripoli
TIV,ME,Тиват
TJM,RU,Tyumen
TKQ,TZ,Kigoma
TKU,FI,Turku
TLH,US,Tallahass
TLL,EE,Tallinn
TLM,DZ,Tlemcen
TLS,FR,Toulouse
TLV,IL,Tel Aviv
TMP,FI,Tampere
TMS,ST,Sao Tome
TMZ,NZ,THAMES
TNG,MA,Tangier
TNR,MG,Antananarivo
TOF,RU,Tomsk
TOG,US,Togiak
TOM,ML,Tombouctou
TOS,NO,Tromso
TOX,RU,Tobolsk
TOY,JP,Toyama
TPA,US,Tampa
TPE,TW,Taipai
TPS,IT,Trapani
TRD,NO,Trondheim
TRF,NO,Sandefjord
TRG,NZ,Tauranga
TRN,IT,Turin
TRS,IT,Trieste
TRV,IN,Trivandru
TRW,KI,Tarawa
TRZ,IN,Tiruchirapall
TSE,KZ,Astana
TSF,IT,Treviso
TSN,CN,Tianjin
TSR,RO,Timisoara
TSV,AU,Townsville
TTJ,JP,Tottori
TTT,FR,Taitung
TUL,US,Tulsa
TUN,TN,Tunis
TUS,US,Tucson
TYA,RU,Tula
TYD,RU,Tynda
TYO,JP,Tokyo
TYS,US,Knoxville
TZX,TR,Trabzon
UAK,GL,Narssarssuaq
UAQ,AR,San Juan
UBL,KZ,Bajkonur
UCT,RU,Ukhta
UDJ,UA,Uzhgorod
UEL,MZ,Quelimane
UET,PK,Quetta
UFA,RU,Ufa
UGC,UZ,Urgench
UIK,RU,Ust-Ilimsk
UIO,EC,Quito
UKK,KZ,Ust-Kamenogorsk
UKR,YE,Mukeira
UKU,TO,Nuku
UKX,RU,Ust-Kut
ULN,MN,Ulaanbaatar
ULY,RU,Ulyanovsk
UME,SE,Umeaa
URA,KZ,Uralsk
URC,CN,Urumqi
URJ,RU,Uraj
URO,FR,Rouen
URS,RU,Kursk
USK,RU,Usinsk
UTP,TH,Utapao
UUA,RU,Bugulma
UUD,RU,Ulan-Ude
UUS,RU,Yuzhno-Sakhalinsk
VAA,FI,Vaasa
VAR,BG,Varna
VCE,IT,Venice
VCF,MT,Valcheta
VDA,IL,Ovda
VEJ,DK,Vejle
VER,MX,Veracruz
VGD,RU,Vologda
VGO,ES,Vigo
VIB,MX,Villa Constitucion
VIE,AT,Vienna
VIJ,GB,Virgin-Gorda
VIN,UA,Vinnica
VIT,ES,Vitoria
VIX,BR,Vitoria
VKT,RU,Vorkuta
VLC,ES,Valencia
VLI,VU,Port Vila
VLK,RU,Volgodonsk
VNO,LT,Vilnius
VNS,IN,Varanasi
VOG,RU,Volgograd
VRN,IT,Verona
HFE,CN,HEFEI
NUE,DE,Nuremberg
NUX,RU,Novy Urengoy
NVR,RU,Novgorod
NWI,GB,Norwich
NYC,US,New York
NYM,RU,Nadym
ODE,DK,Odense
ODS,UA,Odessa
OGZ,RU,Vladikavkaz
OHD,MK,Ohrid
OHO,RU,Ohotsk
OKA,JP,Okinawa
OKC,US,Oklahoma
OKJ,JP,Okayama
OLB,IT,Olbia
OMA,US,Omaha
OMC,RU,Omsukchan
OMS,RU,Omsk
ONT,US,Ontario
ONX,PA,Colon
OPO,PT,Porto
ORB,SE,Orebro
ORF,US,Norfolk
ORK,IE,Cork
ЛАН,US,Los Angeles
ORN,DZ,Oran
OSA,JP,Osaka
OSD,SE,Ostersund
OSI,HR,Osijek
OSL,NO,Oslo
OSM,IQ,Mosul
OSP,PL,Slupsk
OSR,CZ,Ostrava
OSS,KG,Osh
OST,BE,Ostend
OSW,RU,Orsk
OUA,BF,Ouagadougou
OUD,MA,Oujda
OUL,FI,Oulu
OVB,RU,Novosibirsk
OXB,GW,Bissau
OZH,UA,Zaporozh'ye
PAP,HT,Port au Prince
PAR,FR,Paris
PAT,IN,Patna
PAY,MY,Pamol
PBM,SR,Paramaribo
PCL,PE,Pucallpa
PDL,PT,Ponta Delgada
PDV,BG,Plovdiv
PDX,US,Portland OR
PEE,RU,Perm
PEG,IT,Perugia
PEI,CO,Pereira
PEN,MY,Penang
PER,AU,Perth
PES,RU,Petrozavodsk
PET,BR,Pelotas
PEW,PK,Peshawar
PEX,RU,Pechora
PEZ,RU,Penza
PFO,CY,Paphos
PGF,FR,Perpignan
PHC,NG,Port Harcourt
PHE,AU,Pt Hedland Wa
PHL,US,Philadelphia
PHX,US,Phoenix
PIE,US,St Petersburg
PIT,US,Pittsburgh
PKC,RU,PETROPAVLOVSK-KAMCHATS
PKU,ID,Pekanbaru
PKV,RU,Pskov
PLH,GB,Plymouth
PLQ,LT,Palanga
PLV,UA,Poltava
PLX,KZ,Semipalatinsk
PMB,US,Pembina
PMF,IT,Parma
PMI,ES,Palma Mallorca
PMO,IT,Palermo
PMR,NZ,Palmerston north
PMV,IN,Porlamar
PNA,ES,Pamplona
PNH,KH,Phnom Penh
PNQ,IN,Pune
PNR,CG,Pointe Noire
PNZ,BR,Petrolina
POA,BR,Porto Alegre
POG,GA,Port Gentil
POM,PG,Port Moresby
POP,DO,Puerto Plata
POR,FI,Pori
POS,TT,Port of Spain
POZ,PL,Poznan
PPG,US,Pago Pago
PPK,KZ,Petropavlovsk
PPT,PF,Papeete
PRG,CZ,Prague
PRM,PT,Portimao
PRY,ZA,Pretoria
PSA,IT,Pisa
PSP,US,Palm Springs
PSR,IT,Pescara
PSS,AR,Posadas
PSY,GB,Port Stanley
PTM,VE,Palmarito
PTY,PA,Panama city
PUF,FR,Pau
PUP,SI,Poprad
PUQ,CL,Punta Arenas
PUS,KR,Busan
PUY,HR,Pula
PVD,US,Providence
PVR,MX,Puerto Vallarta
PWE,RU,Pevek
PWM,US,Portland
PWQ,KZ,Pavlodar
PXO,PT,Porto Santo
PYJ,RU,Polyarnyj
PZY,CZ,Piestany
QYG,DE,любой пункт ж/д Германии
RAB,PG,Rabaul
RAI,CV,Praia
RAK,MA,Marrakech
RAR,CK,Rarotonga
RAT,RU,Raduzhnyi
RBA,MA,Rabat
RDG,US,Reading
RDU,US,Raleigh
REC,BR,Recife
REG,IT,Reggio
REK,IS,Reykjavik
REN,RU,Orenburg
REU,ES,Reus
RFD,US,Rockford
RGA,AR,Rio Grand
RGN,MM,Yangon
RHE,FR,Reims
RHO,GR,Rhodes
RIC,US,Richmond
RIO,BR,Rio de Janeiro
RIX,LV,Riga
RIY,YE,Riyan Mukalla
RJK,HR,Rijeka
RKT,AE,Ras Al Khaima
RMI,IT,Rimini
RNN,DK,Ronne
RNO,US,Reno
RNS,FR,Rennes
ROA,US,Roanoke
ROC,US,Rochester
ROM,IT,Rome
ROT,NZ,Rotorua
ROU,BG,Rousse
ROV,RU,Rostov
RTM,NL,Rotterdam
RTW,RU,Saratov
RUH,SA,Riyadh
RUN,RE,St Denis
RVH,BY,Rzhevka
RVN,FI,Rovaniemi
RWP,PK,Rawalpi
RYB,RU,Rebinsk
RZE,PL,Rzeszow
SAC,US,Sacrament
SAH,YE,Sanaa
SAL,SV,San Sal
SAN,US,San Diego
SAO,BR,Sao Paulo
SAP,HN,San Pedro Sul
SAT,US,San Anto
SAU,LT,Shauljai
SAY,ZW,Solsbery
SBA,US,Santa B
SBN,US,South Bend
SBW,MY,Siby
SBZ,RO,Sibiu
SCL,CL,Santiago
SCN,DE,Saarbruck
SCO,KZ,Aktau
SCQ,ES,SANTIAGO DE COMPOSTELA
SCU,CU,Santiago
SCW,RU,Syktyvkar
SCZ,US,Santa Cruz
SDF,US,Louisviille
SDJ,JP,Sendai
SDK,MY,Sandakan
SDL,SE,Sundsvall
SDQ,DO,Santo Domingo
SDR,ES,Santander
SEA,US,Seattle
SEB,LY,Sebha
SEL,KR,Seoul
SEV,UA,Severodoneck
SEZ,SC,Victory
*,*,Не определено
AAQ,RU,Anapa
ABA,RU,Abakan
ABJ,CI,Abidjan
ACS,RU,Achinsk
ADH,RU,Aldan
AER,RU,Adler/Sochi
AGP,ES,Malaga
AKL,NZ,Auckland
AKM,KZ,Akmola
AKX,KZ,Aktyubinsk
ALA,KZ,Almaty
AMS,NL,Amsterdam
AMV,RU,Amderma
АМД,RU,Amderma
ARH,RU,Arkhangelsk
ASB,TM,Ashgabad
ASF,RU,Astrakhan
AST,US,Astoria
ATH,GR,Athens
ATL,US,Atlanta
AYT,TR,Antalya
AZN,UZ,Andizhan
BAK,AZ,Baku
BAM,ML,Bamaco
BAX,RU,Barnaul
BCN,ES,Barcelona
BCX,RU,Beloreck
BEG,RS,Belgrade
BEJ,RU,Belojarsk
BER,DE,Berlin
BGW,IQ,Baghdad
BHK,UZ,Bukhara
BJS,CN,Beijing
BJV,TR,Bodrum
BKK,TH,Bangkok
BNJ,DE,Bonn
BOJ,BG,Bourgas
BOS,US,Boston
BQS,RU,BLAGOVESHCHENSK
BQT,BY,Brest
BRU,BE,Brussels
BSL,CH,Basel
BTK,RU,Bratsk
BTS,SK,Bratislava
BUD,HU,Budapest
BUE,AR,Buenos Aires
BUH,RO,Bucharest
BUS,GE,Batumi
BWO,RU,Balakovo
BZK,RU,Briansk
CAI,EG,Cairo
CAN,CN,Guangzhou
CEK,RU,Chelyabinsk
CEP,BO,CONCEPCION
CGN,DE,Cologne
CHI,US,Chicago
CIT,KZ,Shimkent
COO,BJ,Cotonou
COR,AR,Cordoba
COU,US,Columbia
CPG,BD,Chitagam
CPH,DK,Copenhagen
CPQ,BR,Campinas
CPT,ZA,Cape Town
CRN,GB,Сromarty
CRZ,TM,Turkmenabat
CSG,US,Columbus
CSX,CN,Changsha
CSY,RU,Cheboksary
CTA,IT,Catania
CTG,CO,Cartagena
CTU,CN,Chengdu
CUL,MX,Culican
CUN,MX,Cancun
CUR,CW,Curacao
CUU,MX,Chihuahua
CVG,US,Cincinnat
CVT,GB,Coventry
CWB,BR,Curitiba
CWL,GB,Cardiff
CYB,GB,Cayman Brac
CZL,DZ,Constantine
CZM,MX,Cozumel
CZX,CN,Changzhou
DAC,BD,Dhaka
DAD,VN,Da Nang
DAM,SY,Damascus
DAR,TZ,Dar Es Salaam
DAY,US,Dayton
DBV,HR,Dubrovnik
DEC,US,Decatur
DEL,IN,Delhi
DEN,US,Denver
DFW,US,Dallas
DHA,SA,Dhahran
DIJ,FR,Dijon
DIR,ET,Dire Dawa
DJE,TN,Djerba
DJG,DZ,Djanet
DJJ,ID,Jayapura
DKR,SN,Dakar
DLA,CM,Douala
DLC,CN,Dalian
DLM,TR,Dalaman
DMB,KZ,Zhambyl
DND,GB,Dundee
DNK,UA,Dnepropetrovsk
DNR,FR,Dinard
DOD,TZ,Dodoma
DOH,QA,Doha
DOK,UA,Donetsk
DOL,FR,Deauville
DOM,DM,Dominica
DON,GT,Dos Lagunas
DOR,BF,Dory
DPS,ID,Denpasar Bali
DRS,DE,Dresden
DRW,AU,Darwin
DSM,US,Des Moines
DTA,US,Delta
DTM,DE,Dortmund
DTT,US,Detroit
DUB,IE,Dublin
DUD,NZ,Dunedin
DUR,ZA,Durban
DUS,DE,Dusseldorf
DXB,AE,Dubai
DYR,RU,Anadyr
DYU,TJ,Dushanbe
DZN,KZ,Zhezkazgan
EAS,ES,San  Sebastian
EBB,UG,Entebbe
EBJ,DK,Esbjerg
ECN,CY,Ercan
EDI,GB,Edinburgh
EGO,RU,Belgorod
EIE,RU,Eniseysk
EIN,NL,Eindhoven
EIS,VG,Beef Island
ELA,US,Eagle Lake
ELI,US,Elim
ELP,US,El Paso
EMA,GB,East Midlands
ENC,FR,Nancy
ENS,NL,Enschede
ERB,RU,Erbogachen
ERF,DE,Erfurt
ERI,US,Erie
ESL,RU,Elista
ETH,IL,Elat
EUN,MA,Laayoune
EVE,NO,Evenes
EVL,AZ,Евлах
EVN,AM,Yerevan
ASU,PY,ASUNCION
FAE,FO,Faroe Islands
FAI,US,Fairbanks
FAO,PT,Faro
FBM,CG,Lubumbashi
FDF,MQ,Fort de France
FDH,DE,Friedrichshafen
FEG,UZ,Fergana
FEZ,MA,Fez
FIH,CD,Kinshasa
FJR,AE,Al-Fujairah
FLA,CO,Florencia
FLL,US,Ft. Lauderdale
FLN,BR,Florianopolis
FLR,IT,Florence
FMI,ZR,Kalemie
FMO,DE,Muenster
FNA,SL,Freetown
FNC,PT,Funchal
FNI,FR,Nimes
FNJ,KP,Pyongyang
FNT,US,Flint
FOC,CN,Fuzhou
FOR,BR,Fortaleza
FPO,BS,Freeport
FRA,DE,Frankfurt
FRL,IT,Forli
FRU,KG,Bishkek
FRW,BW,Francistown
FUK,JP,Fukuoka
FUN,TV,Funafuti
GAO,CU,Guantanamo
GAU,IN,Gawahati
GBE,BW,Gaborone
GCI,GB,Guernsey
GCM,KY,Grand Cayman
GDL,MX,Guadalajara
GDN,PL,Gdansk
GDT,GB,Grand Turk
GDX,RU,Magadan
GDZ,RU,Gelendzik
KXK,RU,Komsomolsk-na-Amure
KYZ,RU,Kyzyl
KZN,RU,Kazan
KZO,KZ,Kzyl-Orda
LAB,PG,Lablab
LAD,AO,Luanda
LAM,US,Los Alamos
LAS,US,Las Vegas
LAX,US,Los Angeles
LBA,GB,Leeds
LBB,US,Lubbock
LBD,TJ,Khudzhand
LBU,MY,Labuan
LBV,GA,Libreville
LCA,CY,Larnaca
LDE,FR,Lourdes/Tarbe
LDI,TZ,Lindi
LDZ,PL,Lodz
LEB,US,Hanover-Lebanon
LED,RU,ST.PETERSBURG
LEH,FR,Le Havre
LEI,ES,Almeria
LEJ,DE,Leipzig
LEN,ES,Leon
LEW,US,Lewiston
LFW,TG,Lome
LGG,BE,Liege
LGK,MY,Langkawi
LHE,PK,Lahore
LHW,CN,Lanzhou
LIG,FR,Limoges
LIL,FR,Lille
LIM,PE,Lima
LIP,BR,Lins
LIS,PT,Lisbon
LIT,US,Little Rock
LJU,SI,Ljubljana
LKL,NO,Lakselv
LKO,IN,Lucknow
LLA,SE,Lulea
LLW,MW,Lilongwe
LME,FR,Le Mans
LNS,US,Lancaster
LNZ,AT,Linz-Hoersching
LON,GB,London
LOS,NG,Lagos
LPA,ES,Las Palmas
LPB,BO,La Paz
LPI,SE,Linkoping
LPK,RU,Lipetsk
LPL,GB,Liverpool
LPP,FI,Lappeenranta
LRT,FR,Lorient
LSK,US,Lusk
LTO,MX,Loreto
LUB,GY,Lumid Pau
LUG,CH,Lugano
LUN,ZM,Lusaka
LUX,LU,Luxembourg
LVI,ZM,Livingstone
LVO,AU,Laverton
LWN,AM,Gyoumri
LWO,UA,Lviv
LXR,EG,Luxor
LYG,CN,Lianyungang
LYP,PK,Faisalabad
LYR,NO,Longear
LYS,FR,Lyon
MAA,IN,Madras
MAD,ES,Madrid
MAJ,MW,Majuro
MAL,US,Mangole
MAM,MX,Matamoros
MAN,GB,Manchester
MAO,BR,Manaus
MAP,PG,Mamai
MAR,VE,Maracaibo
MAS,PG,Manus
MAT,PH,Mactan
MAY,BS,Mangrove Cay
MBA,KE,Mombasa
MBJ,JM,Montego Bay
MBL,US,Manistee
MBX,SI,Maribor
MCO,US,Orlando
MCT,OM,Muscat
MCX,RU,Makhachkala
MDC,ID,Manado
MDE,CO,Medellin
MDZ,AR,Mendoza
MED,SA,Madinah
MEL,AU,Melbourne
MEM,US,Memphis
MES,ID,Medan
MEX,MX,Mexico
MFR,US,Medford
MGA,NI,Managua
MGQ,SO,Mogadishu
MHD,IR,Mashad
MHE,US,Mitchell
MHQ,FI,Mariehamn
MHT,US,Manchester NH
MIA,US,Miami
MID,MX,Merida
MIK,FI,Mikkeli
MIL,IT,Milan
MIM,AU,Merimbula
MIN,AU,Minnipa
MIR,TN,Monastir
MJJ,JP,Macujama
MJU,ID,Mamuju
MJV,ES,Murcia
MJZ,RU,Mirnyj
MKC,US,Kansas City
MKE,US,Milwaukee
MLA,MT,Malta
MLE,MV,Male
MLH,FR,Mulhouse
MLW,LR,Monrovia
MMA,SE,Malmo
MME,GB,Teesside
MMK,RU,Murmansk
MNI,GB,Montserrat
MNL,PH,Manila
MOA,CU,Moa
MOB,US,Mobile
MON,MC,Mount Cook
MOW,RU,Moscow
MPL,FR,Montpellier
MPM,MZ,Maputo
MPW,UA,Mariupol
MQF,RU,Magnitogorsk
MRS,FR,Marseille
MRU,MU,Mauritius
MRV,RU,Mineralnye Vody
MRZ,AU,Marickoj
MSA,AE,Muskat
MSN,US,Madison
MSP,US,Minneapolis
MSQ,BY,Minsk
MST,NL,Maastricht
MSU,LS,Maseru
MSY,US,New Orleans
MTS,SZ,Manzini
MTY,MX,Monterrey
MUB,BW,Maun
MUC,DE,Munich
MUR,MY,Marudi
MUZ,TZ,Musoma
MVB,GA,Franceville
MVD,UY,Montevideo
MWZ,TZ,Mwanza
MYP,TM,Mary
MYW,TZ,Mtwara
MZD,EC,Mendez
MZM,FR,Metz
MZR,AF,Mazar-i-sharif
MZT,MX,Mazatlan
NAG,IN,Nagpur
NAH,ID,Naha
NAL,RU,Nalchik
NAN,FJ,Nadi
NAP,IT,Naples
NAS,BS,Nassau
NBC,RU,Нижнекамск
NBO,KE,Nairobi
NCE,FR,Nice
NCL,GB,Newcastle
NCU,UZ,Nukus
NCY,FR,Annecy
NDB,MR,Nouadhibou
NDJ,TD,Ndjamena
NEF,RU,Nephtekamsk
NER,RU,Neryungri
NEV,KN,Nevis
NFG,RU,Nefteyugansk
NGE,CM,N'Gaoundere
NGO,JP,Nagoya
NGS,JP,Nagasaki
NIC,CY,Nicosia
NIM,NG,Niamey
NJC,RU,Nizhnevartovsk
NKC,MR,Nouakchott
NKG,CN,NANKING/NANJING
NLA,ZM,Ndola
NLK,CA,Norfolk Is
NLV,UA,Nikolaev
NMJ,UA,Hmelniscki
NNG,CN,Nanning
NNI,NA,Namutoni
NNM,RU,Naryan-Mar
NOI,RU,NOVOROSSISK
NOJ,RU,Nojabrxsk
NOR,IS,Nordfjordur
NOU,NC,Noumea
GEO,GY,Georgetown
GER,CU,Nueva Gerona
GFK,US,Grand Forks
GHA,DZ,Ghardaia
GIB,GI,Gibraltar
GID,BI,Gitega
GIG,BR,Kuanabara
GLA,GB,Glasgow
GME,BY,Gomel
GNB,FR,Grenoble
GND,GD,Grenada
GNV,US,Gainesville
GOA,IT,Genoa
GOH,GL,Nuuk
GOI,IN,Goa
GOJ,RU,N.Novgorod
GOM,ZR,Goma
GOT,SE,Gothenburg
GOU,CM,Garoua
GRD,US,Greenwood
GRO,ES,Gerona
GRQ,NL,Groningen
GRR,US,Grand Rapids
GRV,RU,Groznyj
GRW,SB,Graciosa island
GRX,ES,Granada
GRZ,AT,Graz
GSO,US,Greensboro
GSP,US,Greenville
GTF,US,Great Falls
GUA,GT,Guatemala
GUM,GU,Guam
GUW,KZ,Atyrau
GVA,CH,Geneva
GYE,EC,Guayaquil
GYM,AM,Gumri
GYN,BR,Goiania
GZO,SB,Gizo
HAJ,DE,Hanover
HAK,CN,Haikou
HAM,DE,Hamburg
HAN,VN,Hanoi
HAU,NO,Haugesund
HAV,CU,Havana
HBA,AU,Hobart
HDY,TH,Hat Yai
HEL,FI,Helsinki
HER,GR,Heraklion
HFA,IL,Haifa
HGA,SO,Hargeisa
HGH,CN,Hangzhou
"HHN,DE,""Frankfurt, Hahn"""
HIJ,JP,Hiroshima
HIR,SB,Honiara
HKD,JP,Hakodate
HKG,HK,Hong Kong
HKI,FI,Hamenlinna
HKT,TH,Phuket
HLZ,NZ,Hamilton
HMO,MX,Hermosillo
HNL,US,Honolulu
HOD,YE,Hodeidah
HOG,CU,Holguin
HOU,US,Houston
HRB,CN,Harbin
HRE,ZW,Harare
HRG,EG,Hurghada
HRK,UA,Kharkov
HSV,US,Huntsville
HTA,RU,Chita
HUY,GB,Humberside
HVN,US,New Haven
HYD,IN,Hyderabad
IAA,RU,Igarka
IAR,RU,Yaroslavl
IAS,RO,Iasi
IBA,NG,Ibadan
IBZ,ES,Ibiza
IDR,IN,Indore
IEG,PL,Zielona Gora
IEV,UA,Kiev
IFO,UA,Ivano-Frankovsk
IGU,BR,Iguassu
IJK,RU,Izhevsk
IKS,RU,Tiksi
IKT,RU,Irkutsk
IND,US,Indianapolis
INI,RS,Nis
INN,AT,Innsbruck
INU,AU,Nayri
IOA,GR,Ioannina
IOM,GB,Isle of Man
IPC,CL,Easter Island
IPH,MY,Ipoh
IPN,BR,Ipatinga
IPW,GB,Ipswich
IQT,PE,Iquitos
ISB,PK,Islamabad
IST,TR,Istanbul
IUE,TO,Nive Island
IVC,NZ,Invercargill
IWA,RU,Ivanovo
IXC,IN,Chandigarh
IZM,TR,Izmir
IZO,JP,Izumo
JAI,IN,Jaipur
JAN,US,Jackson
JAX,US,Jacksonville
JED,SA,Jeddah
JER,GB,Jersey
JHB,MY,Johor Bahru
JIB,DJ,Djibouti
JKG,SE,Jonkoping
JKH,GR,Chios
JKT,ID,Jakarta
JLN,US,Joplin
JNB,ZA,Johannesburg
JNU,US,Juneau
JOE,FI,Joensuu
JOK,RU,Ioshkar-Ola
JRO,TZ,Kilimanjaro
JRS,IL,Jerusalem
JUJ,AR,Jujuy
JUL,PE,Juliaca
JYV,FI,Jyvaskyla
KAH,RU,Kazacenskoe
KAJ,FI,Kajaani
KAL,US,Kaltag
KAN,NG,Kano
KAU,FI,Kauhava
KAX,AU,Kalbarri
KAZ,ID,Kau
KBL,AF,Kabul
KCH,MY,Kuching
KEI,ID,Kepi
KEJ,RU,Kemerovo
KGD,RU,Kaliningrad
KGF,KZ,Karaganda
KGL,RW,Kigali
KHE,UA,Kherson
KHH,TW,Kaohsiung
KHI,PK,Karachi
KHV,RU,Khabarovsk
KIE,PG,Kieta
KIH,IR,Kish Island
KIJ,JP,Niigata
KIN,JM,Kingston
KIR,IE,Kerry County
KIV,MD,Kishinev
KIW,ZM,Kitwe
KIY,TZ,Kilwa
KJA,RU,Krasnoyarsk
KKN,NO,Kirkenes
KLA,UG,Kampala
KLF,RU,Kaluga
KLP,US,KELP BAY
KLR,SE,Kalmar
KLU,AT,Klagenfurt
KLV,CZ,Karlovy Vary
KMG,CN,Kunming
KMJ,JP,Kumamoto
KMW,RU,Kostroma
KOG,LA,Khong
KOJ,JP,Kagoshima
KOV,KZ,Kokshetau
KRA,AU,Kerang
KRK,PL,Krakow
KRN,SE,Kiruna
KRO,RU,Kurgan
KRP,DK,Karup
KRR,RU,Krasnodar
KRS,NO,Kristiansand
KRT,SD,Khartoum
KRW,TM,TURKMENBASHI
KSC,SK,Kosice
KSD,SE,Karlstad
KSN,KZ,Kostanay
KSO,GR,Kastoria
KSQ,UZ,Karshi
KSU,NO,Kristiansund
KSZ,RU,Kotlas
KTM,NP,Kathmandu
KTW,PL,Katowice
KUA,MY,Kuantan
KUF,RU,Samara
KUL,MY,Kuala Lumpur 
KUN,LT,Kaunas
KUO,FI,Kuopio
KUT,GE,Kutaisi
KVD,AZ,Gyandzha
KVK,RU,Kirovsk
KVL,RU,Kawalerovo
KVX,RU,Kirov
KWG,UA,Krivoy Rog
KWI,KW,Kuwait
KWL,CN,Guilin
KWO,FI,Kawito
ДГЩ,RU,Долгощелье
ДНЦ,UA,Donetsk
ДСК,KZ,Донской
ДГЖ,RU,Дорогобуж
ДТЛ,TM,Дортгул
ДБВ,UA,Драбов
ДБЧ,UA,Дрогобыч
ДЖЖ,RU,Дрожжаное
ДРО,MD,Дрокия
ДРЖ,KZ,Дружба
ДУЖ,RU,Дружный
ТЮК,RU,Друса
ДУБ,UA,Дубно
ДРК,RU,Дубровка
ДУО,RU,Дубровка [СЗУ]
ДБР,RU,Дубровка [УГЦ]
ДУВ,RU,Дуван
ДНК,RU,Дудинка
ДДС,RU,Дудоровский
ДСТ,TJ,Дусти
ДУТ,RU,Дутово
ДУХ,RU,Духовницкое
ДШБ,TJ,Dushanbe
ДЮР,KG,Дюрбельджин
ЕЛХ,AZ,Евлах
ЕВП,UA,Евпатория
ЕГД,KZ,Егиндыбулак
ЕДИ,RU,Единка
ЕЗЕ,RU,Езевец
ЕСК,RU,Ейск
ЕКЛ,RU,Екатеринославка
ЕЛА,RU,Елабуга
ЕЛЫ,RU,Еласы
ЕТМ,RU,Елатьма
ЕНЙ,RU,Еленский
ЕЛЦ,RU,Елец
ЕЛЗ,RU,Елизарово
ЕЦВ,RU,Ельцовка
ЕЛЮ,RU,Елюга
ЕМЬ,RU,Емва
ЕМУ,KZ,Емельтау
ЕМЦ,RU,Емецк
ЕМЧ,UA,Емильчино
ЕНБ,KZ,Енбек
ЕНС,RU,Eniseysk
ЕРЛ,KZ,Ералиево
ЕРУ,RU,Ерахтур
ЕГЧ,RU,Erbogachen
ЕРН,RU,Еремино
ЕРЦ,RU,Ермица
ЕРМ,RU,Ермишь
ЕЛО,RU,Ермолино
ЕРШ,RU,Ершов
ЕСБ,KZ,Есенбай
ЕСЛ,KZ,Есиль
ЕСИ,RU,Ессей
ЕСН,RU,Ессентуки
ЕХР,AM,Ехегнадзор
ДЖК,KZ,Жабасак
ДКС,KZ,Жаксы
ЖАР,KZ,Жана-Арка
ЖКЛ,KZ,Жана-Кала
ЖРК,KZ,Жаркамыс
ЖАШ,UA,Жашков
ЖДК,AZ,Ждановск
ЖСК,KZ,Ждановский
ДЗН,KZ,Zhezkazgan
ДЖЙ,KZ,Жеимбет
ЖЗЛ,KZ,Железинка
ЖЛН,RU,Железноводск
ЖЕЗ,RU,Железногорск
ЖЕЛ,RU,Железнодорожный
ЖТГ,KZ,Желтуранга
ЖВК,RU,Жердевка
ЖТБ,KZ,Жетыбай
ЖЕТ,KZ,Жетыконур
ЖШР,RU,Жешарт
ЖЛВ,RU,Жигалово
ЖИГ,RU,Жиганск
ЖГЛ,RU,Жигулевск
ЖДЛ,KZ,Жидели
ЖИЛ,RU,Жилинда
ЖЛЫ,KZ,Жолымбет
ЖОР,KZ,Жорга
ЗАВ,RU,Заветное
ЗВТ,RU,Завитинск
ЗАЛ,RU,Завьялово
ЗДН,RU,Задонск
ЗМК,RU,Заимка
ЗСК,RU,Заинск
ЗРЕ,RU,Зайцева Речка
ЗКМ,RU,Закаменск
ЗТЛ,AZ,Закаталы
ЗЛА,RU,Залив Лаврентия
ЗМЖ,RU,Замежный
ЗМС,RU,Заморский
ЗЗР,RU,Заозерный
ЗПЖ,UA,Zaporozhye
ЗФШ,UZ,Зарафшан
ЗАР,UA,Заречное
ЗРЛ,KZ,Зарослое
ЗХВ,RU,Захар-Вань
ЗАЯ,RU,Заярск
ЗВГ,UA,Звенигородка
ЗДВ,RU,Здвинск
ЗЛВ,RU,Зеледеево
ЗМЛ,RU,Землянск
ЗЕН,RU,Зенково
ЗНВ,UA,Зеньков
ЗЕЯ,RU,Зея
ЗИЛ,RU,Зилаир
ЗИМ,RU,Зима
ЗМН,RU,Зимний
ЗМВ,RU,Зимовники
ЗМТ,RU,Зимстан
ЗВС,RU,Златоустовск
ЗМГ,RU,Змеиногорск
ЗНС,RU,Знаменское
ЗОН,RU,Zonalnoe
ЗОТ,RU,Зотино
ЗУГ,GE,Зугдиди
ЗНК,RU,Зырянка
ЗРЯ,KZ,Зыряновск
ИВВ,RU,Ivanovo
ИФР,UA,Ivano-Frankovsk
ИВТ,RU,Ивантеевка
ИВШ,RU,Ивашка
ИВД,RU,Ивдель
ИВЦ,BY,Ивенец
ИГР,RU,Igarka
ИРМ,RU,Игрим
ИДР,RU,Идринское
ИЖВ,RU,Izhevsk
ИЖМ,RU,Ижма
ИЗМ,UA,Измаил
ИЗС,UA,Изяслав
ИКЯ,RU,Ика
ИЛИ,RU,Илирней
ИЛА,KZ,Ильинка
ИЛН,RU,Ильинское
ИЛЧ,KZ,Ильич
ИПР,RU,Ильпырский
ИПА,KZ,Им 22 Партсъезда
ИМЛ,KZ,Им Ленина
ИМИ,AZ,Имишли
ИНД,KZ,Индер
ИНГ,RU,Индига
ИНХ,RU,Иннах
ИНЛ,RU,Иннялы
ИНС,RU,Инсар
ИНЧ,RU,Инчоун
ИНЯ,RU,Иня
ИБА,RU,Ирба
ИБК,RU,Ирбейское
ИРБ,RU,Ирбит
ИРГ,KZ,Иргиз
ИКА,RU,Иркутск [агентство 01ИКА]
ИКБ,RU,Иркутск [агентство 01ИКБ]
ИРШ,KZ,Иртышск
ИСК,KZ,Искра
ИКУ,KG,Иссык-Куль
ИФА,KG,Исфана
ИСФ,TJ,Исфара
ИЛТ,RU,Иультин
ИЧА,RU,Ича
ИЧН,UA,Ичня
ИШМ,RU,Ишим
ИШО,RU,Joshkar-Ola
КАВ,RU,Kawalerovo
КГЛ,MD,Cahul
КАД,RU,Кадом
КДИ,RU,Кадый
КИН,KZ,Казалинск
КАЗ,KZ,Казанка
КЗН,RU,Kazan
КЗМ,KG,Казарман
КХД,UZ,Казахдарья
КЗЧ,RU,Казачинск
КЧС,RU,Казачинское
КТЛ,KZ,Казталовка
КЗЫ,RU,Казым
КЙА,KZ,Кайга
КЙН,KZ,Кайнар
КЙИ,KZ,Кайратский
ККФ,RU,Кактолга
КХБ,TJ,Калаи-Хумб
КЛЧ,RU,Калач
КЧА,KZ,Калачевский
КАГ,RU,Калга
КАЛ,RU,Калевала
КАЭ,RU,Каликино
КЛН,RU,Калинин
КИИ,RU,Калинино
ККЙ,RU,Калининский
КЛИ,UA,Калиновка
КМЫ,KZ,Калмыково
КЛГ,RU,Kaluga
КЛУ,UA,Калуш
КМЯ,RU,Кама
КМБ,KZ,Камбала
ККЯ,RU,Каменка [АРХ]
КАЬ,RU,Каменка [КРС]
КАК,MD,Camenca
КМН,UA,Каменка-Днепровская
КЕЫ,RU,Каменный
КДУ,RU,Каменское
КМУ,RU,Каменск-Уральский
КАШ,UA,Камень-Каширский
КНО,RU,Камень-на-Оби
КМЗ,RU,Камзас
КАО,AM,Камо
КУТ,RU,Камское Устье
КМШ,RU,Камышин
КЫШ,RU,Камышла
КАМ,KZ,Камышное
КНЫ,RU,Канава
КЬС,RU,Кананикольское
КГР,RU,Канготово
КНВ,UA,Канев
КАХ,UZ,Канимех
КСК,RU,Канск
КНЧ,RU,Канчалан
КПП,AM,Капан
КРЮ,KZ,Кара-Аул
КРБ,KZ,Карабау
КБТ,KZ,Карабутак
КРФ,KG,Караван
КГД,KZ,Karaganda
КДГ,KZ,Карагандинский
КГЖ,KZ,Карагужиха
КДЖ,UZ,Караджар
КЖА,KZ,Каражал
КДЕ,RU,Караидель
ККЦ,KZ,Каракамыс
КАЦ,KZ,Каракаска
ККЕ,KZ,Кара-Кенгир
КПЖ,KG,Каракол
КУЛ,MY,Kuala Lumpur 
КАР,RU,Каракульское
КУМ,KZ,Каракум
КРЭ,RU,Карам
КАЯ,TM,Карамет-Нияз
КАУ,RU,Карасук
КТЗ,RU,Карата
КТЙ,RU,Каратайка
КТУ,KZ,Каратау
КТР,KZ,Каратерень
КБЭ,KZ,Каратобе
КБН,KZ,Каратон
КЗС,RU,Каратузское
КЯЗ,KZ,Кара-Узяк
КАЮ,RU,Караул
ККД,KZ,Караулкельды
КЮБ,KZ,Караул-Тюбе
КХИ,RU,Кара-Хаак
КХЬ,RU,Кара-Холь
КХУ,RU,Карахун
КЧК,RU,Карачаевск
КЯЯ,RU,Караяр
КАС,RU,Каргасок
КГП,RU,Каргополь
КДА,RU,Карда
КНС,KZ,Каркаралинск
КЙЭ,KZ,Карой
GEN,NO,Gardermoen
КПС,RU,Карпинск
КПГ,RU,Карпогоры
КЛТ,RU,Картаель
КРТ,RU,Карталы
КРШ,UZ,Karshi
КЫЮ,RU,Карым-Кары
КЬЕ,RU,Карьеполье
КСС,UZ,Касан
КСМ,RU,Касимов
КАП,RU,Каспийский
ККГ,RU,Катайга
КТИ,KZ,Катон-Карагай
КТТ,UZ,Каттакурган
КТЫ,RU,Катырык
КЙУ,KZ,Каукей
КФН,AM,Кафан
КХВ,UA,Каховка
КАЧ,RU,Качуг
КЭТ,RU,Каэттын
КВЗ,RU,Квазеньга
КЕЛ,GE,Кварели
КЕД,RU,Кедва
КДД,RU,Кедровый
КЖМ,RU,Кежма
КЗГ,RU,Келлог
КМЦ,UA,Кельменцы
ЦГН,DE,Cologne
КРВ,RU,Kemerovo
КЕГ,RU,Кенга
КЕЩ,KZ,Кенес
КИЯ,KZ,Кенкияк
КЕУ,KZ,Кентау
КПМ,RU,Кепервеем
КЭР,RU,Керос
КЧФ,RU,Керчевский
КГЯ,RU,Кесова Гора
КЗР,KZ,Кзыл-Аскер
КЛК,KZ,Кзыл-Кум
КЗУ,KZ,Кзылту
КЧВ,RU,Киверичи
КИК,KZ,Киевка
КВЙ,RU,Киевский
КЙВ,RU,Киевский [УГЦ]
КЖН,RU,Кижинга
КЗБ,KZ,Кизбель
КЗЕ,RU,Кизильское
КЮЗ,RU,Кизилюрт
КЛР,RU,Кизляр
КЫЗ,TM,Кизыл-Атрек
КЕИ,RU,Кикерино
КЛЫ,RU,Килемары
КЛЯ,UA,Килия
КЕЗ,RU,Кильмезь
КИМ,RU,Кимовск
КИЫ,RU,Кимры
КШМ,RU,Кинешма
КИП,RU,Кипиево
КПЧ,UZ,Кипчак
КРН,RU,Kirensk
КЯП,RU,Кирзя
КЛЛ,RU,Кириллов
КИО,RU,Kirov
КВК,AM,Кировакан
КРК,RU,Kirovsk
КИЬ,RU,Кирс
КИА,RU,Кирсантьево
КСВ,RU,Кисловодск
КСЮ,RU,Кислокан
КТБ,UZ,Китаб
КЧГ,RU,Кичменгский Городок
КШЕ,UA,Кишеньки
КШН,MD,Chisinau
КЯТ,KZ,Кияхты
КНЦ,RU,Клинцы
КЛЮ,RU,Клюквинка
КЮИ,RU,Ключи [ВСУ]
КЧИ,RU,Ключи [КМЧ]
КБЛ,GE,Кобулети
КЯЙ,RU,Кобяй
КВД,RU,Ковдор
КЛЬ,UA,Ковель
КРО,RU,Ковров
КДМ,RU,Кодима
КЗИ,RU,Кодинск
КДО,UA,Кодыма
КОЖ,RU,Кожевниково
КЛЩ,UA,Козельщина
КЗЛ,RU,Козловка
КОЗ,RU,Козыревск
КЗЯ,RU,Козьмодемьянск
КГИ,RU,Койгородок
КОД,RU,Койда
КЙС,RU,Койнас
КОЮ,RU,Кой-Ю
КНД,UZ,Коканд
КПЫ,KZ,Кокпекты
КАЩ,KZ,Кок-Сарай
КУЗ,KZ,Коксу
ККТ,KZ,Коктал
КЧТ,KZ,Kokshetau
КМГ,RU,Колмогорово
КЛВ,RU,Кологрив
КЯЦ,RU,Колодязцы
КЫЯ,UA,Коломыя
КОА,RU,Колосовка
КЛШ,RU,Колпашево
КХА,TJ,Колхозабад
КОЛ,RU,Колывань
КВН,RU,Колывань [АЛТАЙСКАЯ]
КЫМ,RU,Колымское
КЧН,RU,Кольчугино
КСЦ,RU,Комсомолец
КМЛ,RU,Комсомольск
КСЬ,KZ,Комсомольский
КСЛ,RU,Komsomolsk-Na-Amure
КЮУ,UZ,Комсомольск-на-Устюрте
КДН,RU,Кондинское
КДЙ,KZ,Кондоз
КОИ,RU,Конергино
КЦЕ,RU,Конецполье
КТО,UA,Конотоп
КШП,RU,Коношаново
КСТ,RU,Константиновск
КБЕ,KZ,Коп-Берлик
КИЮ,RU,Корлики
КРП,UA,Короп
КОЧ,RU,Коротчаево
КШЧ,UA,Корсунь-Шевченковский
КФР,RU,Корф
КШЛ,RU,Коршуново
КРЖ,RU,Коряжма
ОКУ,RU,Окуловка
NOZ,RU,Novokuznetsk
NQN,AR,Neuquen
NRK,SE,Norrkoping
NSK,RU,Norilsk
NTE,FR,Nantes
VSG,UA,Lugansk
VST,SE,Vasteras
VTE,LA,Vientiane
VTG,RU,Вытегра
VTZ,IN,Vishakhapatna
VVO,RU,Vladivostok
VXE,CV,San-Visento
VXO,SE,Vaxjo
WAS,US,Washington
WAW,PL,Warsawa
WDH,NA,Windhoek
WLG,NZ,Wellington
WLS,WF,Wallis Is
WRO,PL,Wroclaw
WUH,CN,Wuhan
WWT,JP,Newtokio
XMN,CN,Xiamen
XRY,ES,Jerez De La F
YAM,CA,Sault S
YAO,CM,Yaounde
YBG,CA,Bagotvill
YCG,CA,Castlegar
YEA,CA,Edmonton
YFB,CA,Iqaluit Nt
YFC,CA,Fredericto
YGK,VC,Kingston
YHM,CA,Hamilton Ot
YHZ,CA,Halifax
YKS,RU,Yakutsk
YLW,CA,Kelowna
YMQ,CA,Montreal
YOW,CA,Ottawa
YQB,CA,Quebec
YQG,CA,Windsor
YQI,CA,Yarmouth
YQL,CA,Lethbridge
YQM,CA,Moncton
YQR,CA,Regina
YQT,CA,Thunder B
YQW,CA,N Battlefd
YQX,CA,Gander
YQY,CA,Sydney Ns
YSB,CA,Sudbury
YSJ,CA,St John
YTO,CA,Toronto
YUY,CA,Rouyn Nor Qu
YVA,KM,Moroni
YVR,CA,Vancouver
YWG,CA,Winnipeg
YXC,CA,Cranbrook
YXE,CA,Saskatoon
YXS,CA,Pr George
"YXU,CA,""London, Ont"""
YYB,CA,North  Bay
YYC,CA,Calgary
YYJ,CA,Victoria
YYT,AG,St Johns
YYY,CA,Mont Joli
YZF,CA,Yellowkni
YZR,CA,Sarnia
YZV,CA,Sept-Iles
ZAD,HR,Zadar
ZAG,HR,Zagreb
ZAV,BE,Zaventem
ZAZ,ES,Zaragoza
ZIH,MX,Zihuatanejo
ZLO,MX,Manzanillo
ZNZ,TZ,Zanzibar
ZOM,MW,Zomba
ZPE,DE,Osnabruk
ZRH,CH,Zurich
ZYL,BD,Sylhet
ZZZ,PT,Alverca
АЛА,KZ,Almaty
АНА,RU,Anapa
АЯТ,TR,Antalya
АРХ,RU,Arkhangelsk
АСР,RU,Astrakhan
АТХ,GR,Athinai
БАК,AZ,Baku
БЦН,ES,Barcelona
БЕД,RU,Belgorod
БРЛ,DE,Berlin
БИШ,KG,Bishkek
БТИ,SK,Bratislava
БРС,RU,Bratsk
БРЮ,BE,Bruxelles
БУХ,RO,Bucharest
ВАР,BG,Varna
ВАВ,PL,Warszawa
ВАС,US,Washington
ВЕН,AT,Vienna
ВИЛ,LT,Vilnius
ВВО,RU,Vladivostok
ВГГ,RU,Volgograd
ХАЙ,DE,Hanover
ХКГ,CN,Hong Kong
ДКР,SN,Dakar
ДАМ,SY,Damascus
ДЛИ,IN,Delhi
ДПК,UA,Dnepropetrovsk
ДБЙ,AE,Dubai
ДБН,IE,Dublin
ДУС,DE,Dusseldorf
ЕКБ,RU,Ekaterinburg
ЕВН,AM,Yerevan
ГЖА,CH,Geneva
ЗАГ,HR,Zagreb
ЗЦГ,AT,Zalzburg
ИКТ,RU,Irkutsk
ЦАИ,EG,Cairo
КЛД,RU,Kaliningrad
КХЧ,PK,Karachi
КТМ,NP,Kathmandu
ИЕВ,UA,Kiev
ЦПХ,DK,Copenhagen
КРР,RU,Krasnodar
КЯА,RU,Krasnojarsk
ЛРК,CY,Larnaca
ЛИС,PT,Lisbon
ЛОД,GB,London
ЛУА,AO,Luanda
ЛЛА,SE,Lulea
ЛБА,SI,Ljubljana
МЕХ,MX,Mexico
МРВ,RU,Mineralnye Vody
МНЛ,CA,Montreal
МОВ,RU,Moscow
МУН,RU,Murmansk
МЮН,DE,Munich
ННР,RU,Naryan-Mar
НЖВ,RU,Nizhnevartovsk
НЖС,RU,Nizhniy Novgorod
НЦЕ,FR,Nice
НРК,US,New York
ОМС,RU,Omsk
ОСЛ,NO,Oslo
ПАЖ,FR,Paris
ПРМ,RU,Perm
ПРЛ,RU,Petropavlovsk-Kamchats
ПРХ,CZ,Prague
РИХ,LV,Riga
РОМ,IT,Rome
РЖН,FI,Rovaniemi
РОВ,RU,Rostov
СКГ,GR,Thessaloniki
СМШ,RU,Samara
СКД,UZ,Samarkand
СПТ,RU,ST.PETERSBURG
СФЦ,US,San Francisco
СЕЛ,KR,Seoul
СИП,RU,Simferopol
СПУ,SG,Singapore
СЕА,US,Seattle
СКО,MK,Skopje
СОФ,BG,Sofia
СОЧ,RU,Adler/Sochi
ИСТ,TR,Istambul
СТО,SE,Stockholm
ТАС,UZ,Tashkent
ТБС,GE,Tbilisi
ТХР,IR,Tehran
ТИВ,ME,Tivat
ТОК,JP,Tokyo
ТОС,NO,Tromso
УЛН,MN,Ulaanbaatar
УФА,RU,Ufa
ФРА,DE,Frankfurt
ХБР,RU,Khabarovsk
ХАО,VN,Hanoi
ХЕЛ,FI,Helsinki
ХОШ,VN,Ho Chi Minh City
ЧЛБ,RU,Chelyabinsk
СНН,IE,Shannon
ШАЙ,CN,Shanghai
ШНЯ,CN,Shenyang
АБА,RU,Abaza
АБН,RU,Abakan
АББ,RU,Абан
АБТ,RU,Абатское
АБД,RU,Абдулино
АВН,KZ,Авангард
АГР,KZ,Агадырь
АГВ,RU,Агвали
АГД,AZ,Агдам
АГА,AZ,Агдаш
АЖД,AZ,Агджабеди
АЗУ,RU,Агзу
АГИ,RU,Агинское
АДМ,RU,Адамовка
АДК,AZ,Аджи-Кабул
АДЗ,RU,Адзьвавом
АЗЕ,RU,Азеево
АБИ,RU,Айбеси
АЙД,RU,Айдара
АЙМ,KZ,Аймаут
АЙК,KZ,Айнаколь
АЙН,TJ,Айни
АЙО,RU,Айон
АХЛ,RU,Айхал
АКЫ,KZ,Акбасты
АБЙ,KZ,Акбокай
АКЖ,KZ,Акжал
АЖР,KZ,Акжар
АСЬ,RU,Акись
АКЬ,KZ,Акколь
АСЗ,RU,Аксарка
АКЭ,RU,Аксеново
АКФ,AZ,Акстафа
АКУ,KZ,Аксу
АКС,KZ,Аксуат
ААЮ,KZ,Аксу-Аюлы
АСБ,RU,Аксубаево
АТЙ,KZ,Актай
АКШ,RU,Актаныш
АТС,KZ,Актас
ААУ,KZ,Aktau
АТШ,RU,Акташ
АТГ,KZ,Актогай
АТЮ,KZ,Ак-Тюбе
АКХ,KZ,Aktyubinsk
АКЧ,KZ,Акчатау
АЧТ,KZ,Акчи
АША,RU,Акша
АШГ,KZ,Акшиганак
АКЯ,RU,Акъяр
АПТ,RU,Алапаевск
АЛЫ,RU,Алатырь
АЛГ,KZ,Алгабас
АЛД,RU,Aldan
АЛС,UA,Александрия [УКР]
АЛЙ,RU,Александров Гай
АЛВ,KZ,Александровка
АЛР,RU,Александровка [ПРУ]
АЕД,RU,Александровка [ЮРУ]
АКЗ,RU,Александровский Завод
АЛШ,RU,Александровский Шлюз
АРН,RU,Александровское
АЛХ,RU,Александровск-Сахалинский
АЛЕ,RU,Алексеевка [УГЦ]
АЛУ,UZ,Алиаул
АУС,KZ,Алимтаусский
АИК,RU,Алискерово
ААЙ,RU,Алтай
АТЛ,RU,Алтат
АЛТ,UA,Алушта
АЛЖ,RU,Алыгджер
АГЫ,KZ,Амангельды
АМЬ,UZ,Амантай
АМС,NL,Amsterdam
АУТ,KZ,Аман-Уткель
АМБ,GE,Амбролаури
АМГ,RU,Амга
АМУ,RU,Амгу
АДЕ,RU,Амдерма-2
АУР,RU,Амурзет
АНБ,RU,Анабар
АНЫ,RU,Anadyr
ОЖН,RU,Анадырь-Окружной
АНЬ,UA,Ананьев
АНО,KG,Ананьево
АГС,RU,Ангарск
АНГ,RU,Ангарский
АНЖ,UZ,Andizhan
АЖА,UZ,Андижан-Аул
АДР,RU,Андрюшино
АДШ,RU,Андрюшкино
АЖС,RU,Анжеро-Судженск
АНФ,RU,Аносово
АПЮ,RU,Антипаюта
АПО,RU,Антипино
АЮЙ,RU,Анюйск
АПХ,RU,Апатиты
АПС,UA,Апостолово
АПП,KZ,Аппак
АПУ,RU,Апука
АПШ,RU,Апшеронск
АЛЮ,KZ,Арал-Тюбе
АРЛ,KZ,Аральск
АРД,RU,Ардатов
АРМ,RU,Арзамас
ААД,RU,Арка
АДА,RU,Аркадак
АРВ,RU,Армавир
АМЗ,RU,Армизонское
АРШ,RU,Аромашево
АРС,RU,Арсеньев
АРО,UA,Артемовск
АРК,RU,Артемовский
АРТ,RU,Арти
АРЮ,RU,Артюгино
АРР,RU,Архара
АРЦ,UA,Арциз
АШЛ,KZ,Аршалы
АЫС,KZ,Арысь
АСЯ,UA,Аскания Нова
АСК,RU,Аскино
АСЙ,UZ,Аспантай
АКЛ,KZ,Astana
АСМ,RU,Астрадамовка
АКИ,MD,Атаки
АЛН,RU,Аталанка
КРИ,TM,Атамырат
АТЯ,RU,Атняш
АТЫ,KZ,Atyrau
АФС,RU,Афанасьево
АХА,GE,Ахалкалаки
АХЯ,RU,Ахманка
АЕГ,GE,Ахмета
АХЫ,RU,Ахты
АХК,UA,Ахтырка
АЧВ,RU,Ачайваям
АЧК,RU,Ачикулак
АЧН,RU,Achinsk
АЧИ,RU,Ачиры
АШХ,TM,Ashgabad
АЩИ,KZ,Ащиколь
АЯГ,KZ,Аягуз
АЯН,RU,Аян
АЯК,RU,Аянка
БГН,RU,Баган
БГД,RU,Багдарин
БАХ,RU,Багланиха
БМТ,RU,Базарные Матаки
БЗР,RU,Базарный Карабулак
БЗВ,RU,Базковская
БКМ,KZ,Баиркум
БЙК,KZ,Байкадам
БАЖ,RU,Байкалово
БЙО,RU,Байкалово [ТЮМ]
БКТ,RU,Байкит
БАЙ,RU,Байково
ЛНЙ,KZ,Байконур
БАМ,RU,Баймак
БАС,UZ,Байсун
БЧГ,KZ,Байчигирский
БКЫ,RU,Бакалы
БКН,KZ,Баканас
БАУ,RU,Бакуры
БКЧ,RU,Бакчар
БНН,RU,Балаганное
БАЛ,RU,Балаганск
БАО,RU,Balakovo
БХТ,RU,Балахта
БЛШ,RU,Балашов
БАЕ,RU,Балей
НДГ,TM,Балканабат
БЛК,KZ,Балкашино
БЛТ,UA,Балта
БАЫ,RU,Балыкса
БЛЧ,RU,Балыкча
БКК,TH,Bangkok
БАР,RU,Барабинск
БРА,RU,Бараниха
БРН,BY,Барановичи
БРП,UA,Барановка
БВК,UA,Барвенково
БРГ,RU,Баргузин
ББА,KZ,Барибаево
БАН,RU,Barnaul
БКЕ,KZ,Барсакельмес
БАШ,KZ,Баршатас
БШИ,KZ,Баршино
БЫШ,RU,Барыш
БСД,KZ,Баскудук
БТГ,RU,Батагай
БАТ,KG,Баткен
БТВ,RU,Батово
БУИ,GE,Batumi
БТР,RU,Батурино
БХД,TM,Бахардок
БХЧ,UA,Бахмач
БХА,RU,Бахта
БЯУ,KZ,Баян-Аул
БЕБ,RU,Бедоба
БЕЖ,RU,Бежаницы
БЖТ,RU,Бежта
БЕМ,RU,Безымянка
БЕН,AZ,Бейлаган
БЕЙ,KZ,Бейнеу
БКБ,UZ,Бекабад
БЕШ,TM,Бекдаш
БЕО,RU,Беково
БАЯ,RU,Белая
БЯГ,RU,Белая Гора
БКА,RU,Белая Калитва
БЛД,UA,Белгород-Днестровский
БВД,UA,Беловодск
БЛО,RU,Белогорск
БРЬ,UA,Белогорье
БЕС,RU,Белозерск
БОН,AZ,Белоканы
БКИ,UA,Белокуракино
БИХ,RU,Belokuricha
БЕЦ,RU,Beloreck
БЛР,RU,Белоярский
БЛЕ,RU,Белушье
БЛЫ,RU,Белый
БЕЛ,RU,Белый Яр
БЕЧ,RU,Белькачи
БЛИ,RU,Беляки
БНД,MD,Бендеры
ББР,AM,Берд
БЕГ,RU,Берегаево
БОЙ,RU,Береговой
БЗГ,UA,Березнеговатое
БРЗ,RU,Березник
БЗК,RU,Березники
БЗА,RU,Березовка
БЕР,RU,Березово
БНГ,RU,Беринговский
БРИ,UZ,Беруни
БДЬ,UA,Бершадь
БСБ,KZ,Бесбай
БМК,KZ,Бестамак
БЕТ,KZ,Бестау
БСО,KZ,Бестобе
БТЖ,RU,Бестужево
БШО,TM,Бешир
БИД,RU,Бидея
БСК,RU,Bisk
БИБ,RU,Билибино
БИЛ,RU,Биллингс
БЯР,RU,Билярск
БРЖ,RU,Биробиджан
БИК,RU,Бирючья Коса
БТК,RU,Битки
БЧР,RU,Бичура
БГЩ,RU,BLAGOVESHCHENSK
БЛЩ,RU,Благовещенское
БЛН,RU,Благодарный
ББВ,KZ,Бобровка
ББК,BY,Бобруйск
БГЕ,RU,Богдановское
БГБ,RU,Боговарово
БОГ,RU,Богородск
БГР,RU,Богородское
БОЧ,RU,Богучаны
БГЧ,RU,Богучар
БДБ,RU,Бодайбо
БКЯ,RU,Боковский
БОЛ,RU,Болгар
БЛГ,UA,Болград
БХО,RU,Болхов
БЧЫ,RU,Болчары
БШЫ,RU,Большая Мартыновка
БМР,RU,Большая Мурта
БПЧ,RU,Большая Пучкома
ПЫС,RU,Большая Пысса
БРМ,KZ,Больше-Нарым
БЛУ,RU,Большеустьикинск
БШК,KZ,Большие Камкалы
БШТ,RU,Большие Тарханы
БШУ,RU,Большие Уки
БЛБ,RU,Большое Болдино
БШХ,RU,Большое Тархово
БОА,RU,Большой Атлым
БОК,RU,Большой Ларьяк
БМН,RU,Бомнак
БОЗ,RU,Борзя
БРК,RU,Борисоглебск
БОР,RU,Боровичи
БВЕ,RU,Боровое
БОЦ,RU,Борогонцы
БРО,RU,Борок
БРЩ,UA,Борщев
БОС,KZ,Босага
БОТ,RU,Ботлих
БСЛ,BY,Браслав
БТЕ,UA,Братское
БДЫ,RU,Бреды
БРЙ,RU,Брейтово
БРТ,BY,Brest
БРР,RU,Бриакан
БКЛ,RU,Брыкаланск
БРЯ,RU,Briansk
БУЕ,RU,Бугаево
БУГ,RU,Bugulma
БНЬ,KZ,Бугунь
БУУ,RU,Бугуруслан
БУД,RU,*Буденовск*
БЗЧ,KZ,Бузачи
БУН,RU,Буинск
БЮР,KZ,Буйректал
БУК,KZ,Булаевский
БГА,RU,Булгары
БУЛ,RU,Булун
БУБ,RU,Бульбухта
БУЬ,RU,Бур
БУО,RU,Бураево
БНУ,KZ,Буран
БРЧ,RU,Бургахчан
БУР,RU,Буревестник
БУТ,KZ,Буревестник [КЗХ]
БУЫ,RU,Бурный
БРУ,KZ,Бурундай
БСН,TJ,Бустон
БУА,UZ,Bukhara
БЫЛ,RU,Былино
БЫС,RU,Быстрый
БЫЧ,RU,Бычье
ВАГ,RU,Вагай
ВГИ,RU,Ваеги
ВАЖ,RU,Важгорт
ВАЛ,RU,Вал
ВЛЙ,RU,Валуйки
ВМП,RU,Вампугольск
ВРЯ,RU,Ванавара
ВАД,AM,Vanadzor
ВЗТ,RU,Ванзеват
ВЗУ,RU,Ванзетур
ВРЧ,RU,Ванкарем
ВНЧ,TJ,Ванч
ВРЙ,RU,Варандей
ВРВ,UA,Варва
ВРД,AM,Варденис
ВРИ,RU,Варнавино
ВРШ,AZ,Варташен
ВЬМ,RU,Васильевский Мох
ВИС,RU,Васисс
ВМЙ,RU,Ваховск
ВАЧ,RU,Вачи
ВЕЙ,RU,Вейделевка
ВЕП,UA,Великая Писаревка
ВБУ,UA,Великий Бурлук
НРД,RU,Velikij Novgorod
ВКЧ,RU,Великовисочное
ВСК,RU,Вельск
ВЩГ,RU,Верещагино
ВТИ,RU,Вертикос
ВХВ,RU,Верхневилюйск
ВХИ,RU,Верхнеимбатское
ВМУ,RU,Верхне-Марково
ВРХ,RU,Верхнеуральск
ВЛБ,RU,Верхний Лабором
ВЛР,RU,Верхний Ландех
ВМН,RU,Верхний Мамон
ВХП,RU,Верхний Парень
ВХГ,RU,Верхняя Гутара
ВЕЗ,RU,Верхняя Золотица
ВНЯ,RU,Верхняя Кема
ВЯК,RU,Верхняя Колва
ВСД,RU,Верхняя Салда
ВЕТ,RU,Верхняя Тойма
ВХЬ,RU,Верховье
ВТР,RU,Верхотурье
ВХЯ,RU,Верхоянск
ВСЫ,RU,Веселый
ВНИ,RU,Весенний
ВЕГ,RU,Весьегонск
ВЛГ,RU,Ветлуга
ВШН,RU,Вешенская
ВИА,RU,Виахту
ВИЖ,RU,Вижас
ВИЗ,RU,Визирный
ВКЛ,RU,Викулово
ВИК,RU,Вилюйск
ВИН,UA,Vinnica
ВСИ,RU,Виска
ВИМ,RU,Витим
ВЛА,RU,Vladikavkaz
ВЛМ,RU,Владимир
ВДН,UA,Владимир-Волынский
ВДЦ,UA,Владимирец
ВЛЧ,RU,Владычное
ВОЖ,RU,Вожгора
ВОЕ,KZ,Возвышенский
ВОЗ,RU,Вознесенское
ВЛД,RU,Volgodonsk
ВЛЖ,RU,Волжский
ВОВ,RU,Волово
ВГД,RU,Vologda
ВЛЯ,RU,Волоковая
ВОЛ,RU,Волочанка
ВЛХ,RU,Волчиха
ВЛС,RU,Вольск
ВКТ,RU,Vorkuta
ВРГ,RU,Ворогово
ВРФ,RU,Ворфоломеевка
ВТЧ,RU,Восточный
ВТК,RU,Воткинск
ВХМ,RU,Вохма
ВОЯ,RU,Воямполка
ВТЛ,RU,Вуктыл
ВЫД,RU,Выдрино
ВЫН,RU,Выкатное
ВЫК,RU,Выкса
ВМС,RU,Высокий Мыс
ВТГ,RU,Вытегра
ВЯЗ,RU,Вязьма
ВТП,RU,Вятские Поляны
ГАГ,RU,Гагино
ГДЧ,UA,Гадяч
ГАЧ,TM,Газачак
ГЗВ,RU,Газимуровский Завод
ГЗЛ,UZ,Газли
ГАВ,UA,Гайворон
ГАН,RU,Гайны
ГЛЧ,RU,Галич
ГНШ,KZ,Ганюшкино
ГАР,RU,Гари
ГРМ,TJ,Гарм
ГСК,TM,Гасан-Кули
ГАУ,TM,Гаурдак
ГДО,RU,Гдов
ГДЖ,RU,Gelendzik
ГНЧ,UA,Геническ
ГЕО,AZ,Геокчай
ГГБ,RU,Гергебель
ГЖГ,RU,Гижига
ГЛЗ,RU,Глазов
ГЛБ,UA,Глобино
ГХВ,UA,Глухов
ГОВ,RU,Говорково
ГОЦ,RU,Голицыно
ГВК,UA,Голованевск
ГТЛ,RU,Голотль
ГОЛ,UA,Голубовка
ГМЛ,BY,Gomel
ГРС,AM,Горис
ГРА,RU,Горка
ГОК,RU,Горки
ГОР,RU,Горно-Алтайск
ГРП,RU,Горно-Правдинск
ГРР,RU,Горнореченск
ГОЧ,RU,Горно-Чуйский
ГРЙ,RU,Горный [ДВУ]
ГОН,RU,Горный[ТЮМ]
ГРЦ,RU,Городец
ГДК,UA,Городок
ГШХ,RU,Горошиха
ГРЧ,RU,Горчинск
ГЧИ,RU,Горячинск
ГСТ,UA,Гостомель
ГЖС,UA,Градижск
ГРХ,RU,Гремиха
ГРН,RU,Groznyj
ГБК,RU,Губкин
ГУД,GE,Гудаута
ГДМ,RU,Гудермес
ГЗР,UZ,Гузар
ГУС,RU,Гусь-Хрустальный
ГЫД,RU,Гыда
ГЮМ,AM,Gyoumri
ГНЖ,AZ,Gyandzha
ДВШ,RU,Давиш
ДНГ,RU,Дальнегорск
ДЕЕ,RU,Дальнее
ДЛЧ,RU,Дальнереченск
ДЛЛ,RU,Дальний
ДНЙ,RU,Дальний
ДЛЦ,CN,Dalian
ДДН,KZ,Дамдинский
ДВК,RU,Даниловка
ДНВ,RU,Данков
ДРС,RU,Дарасун
ДРЗ,TM,Дарваза
ДГА,UZ,Дарган-Ата
ДАС,RU,Даурское
ТШЗ,TM,Dashkhovuz
ДВЦ,RU,Дворец
ДВУ,UA,Двуречная
ДЕД,RU,Дедовичи
ДКА,RU,Де-Кастри
ДМЯ,RU,Демянск
ДНУ,UZ,Денау
ДНС,RU,Денисовка
ДЕП,RU,Депутатский
ДЕР,RU,Дербент
ДРГ,RU,Дергачи
ДЖР,RU,Джазатор
ДЖЯ,KZ,Джайляуколь
ДЖБ,KG,Джалал-Абад
ДТЫ,KZ,Джамбейты
ДГЛ,KZ,Джангала
ДКЙ,UA,Джанкой
ДНБ,KZ,Джаныбек
ДЖХ,RU,Джебарики-Хая
ДЖЛ,AZ,Джебраил
ДЗД,KZ,Джезды
ДЖЕ,AM,Джермук
ДЖТ,KZ,Джетыгара
ДЖИ,UZ,Джизак
ДЖА,KZ,Джилга
ДРТ,TJ,Джиргиталь
ДЖО,RU,Джонки
ДБГ,RU,Джубга
ДТЮ,KZ,Джуван-Тюбе
ДСЛ,KZ,Джусалы
ДЗЕ,RU,Дзель
ДЗЖ,RU,Дзержинское
ДМГ,RU,Димитровград
ДИЯ,KZ,Дияр
ДМИ,RU,Дмитриевка
ДВН,RU,Довольное
ДОК,KZ,Докучаевка
СГП,RU,Сарыг-Сеп
СГС,KZ,Сарыкамыс
СКН,KZ,Сары-Кенгир
СЫС,KZ,Сарысу
СТУ,KZ,Сары-Тургай
СЫЙ,KZ,Сарыузенский
СЫХ,RU,Саскылах
СОУ,RU,Сасово
САС,RU,Сасыр
СФА,RU,Сафакулево
СФН,RU,Сафоново
СФО,RU,Сафоново [УГЦ]
СХЩ,UA,Сахновщина
САЯ,KZ,Саяк
СГР,RU,Саяногорск
СВВ,UA,Сватово
СЕЯ,RU,Светлая
СПЗ,RU,Светлая Протока
СВЦ,RU,Светлица
СТЛ,UA,Светловодск
СЕГ,RU,Светлогорск
СЛЙ,RU,Светлый [ПРУ]
СВЙ,RU,Светлый [ТЮМ]
СВБ,RU,Свободный
СЫД,KZ,Свх Им 22 Партсъезда
ССП,KZ,Свх Им Сатпаева
СИВ,KZ,Свх Им Свердлова
КЛЙ,KZ,Свх Камкалинский
СВС,RU,Севастополь
СРЗ,RU,Северное
СВН,RU,Северный
СНЙ,KZ,Северный [КЗХ]
СРЖ,RU,Северный Аржан
СВД,RU,Северодвинск
СЕД,UA,Severodoneck
СЕН,RU,Северо-Енисейск
СВМ,RU,Северомуйск
СВУ,RU,Североуральск
СВЕ,RU,Северо-Эвенск
СЕИ,RU,Северск
СГЖ,RU,Сегежа
СДВ,RU,Седельниково
СЙВ,RU,Сейва
СЙА,RU,Сейка
СМЧ,RU,Сеймчан
СЯР,RU,Селиярово
СЕЧ,UA,Семеновка
СЕЗ,KZ,Семиозерное
СПЛ,KZ,Semipalatinsk
СКИ,GE,Сенаки
СЕФ,RU,Серафимович
СХЗ,TM,Серахс
СРГ,RU,Сергеевка
СГЕ,KZ,Сергеевка [КЗХ]
СГВ,RU,Сергеево
СЕС,RU,Сергиевск
СГН,RU,Сергино
КЗА,TM,Сердар
СБН,RU,Серебрянка
СБУ,UA,Середина-Буда
СВГ,RU,Серково
СЗД,TM,Серный Завод
СРВ,RU,Серов
ККА,TM,Серхетабат
СЯА,RU,Сеяха
СИБ,RU,Сибай
СБИ,RU,Сибирский
СИЙ,RU,Сиверский
СИЗ,RU,Сизим
СИХ,RU,Сиктях
СНГ,RU,Синегорье
СИЕ,RU,Синегорье [КОМ]
СНЦ,RU,Синицкая
СИК,RU,Сиреники
СИР,RU,Сиротинская
СИС,AM,Сисиан
СКК,UA,Скадовск
СКП,RU,Скопин
СЛГ,BY,SLAVGOROD
СЯК,UA,Славянск
СЛД,KZ,Сладково
САЦ,RU,Сланцы
СЛУ,RU,Слаутное
СНЖ,RU,Снежногорск
СЖЕ,RU,Снежное
СЖЙ,RU,Снежный
СОП,RU,Снопа
СНЯ,UA,Снятын
СБО,RU,Соболево
СВТ,RU,Советск
СВЬ,RU,Советская
СОГ,RU,Советская Гавань
СРЧ,RU,Советская Речка
СОЙ,RU,Советский
ССЙ,KZ,Советский [КЗХ]
СПЕ,RU,Совполье
СГО,RU,Согом
СЙГ,RU,Сойга
СЙИ,RU,Сойгино
СИЫ,UA,Сокиряны
СЛВ,RU,Соколово
СЬЕ,RU,Сокольское
СГЧ,RU,Солигалич
СЛС,BY,Солигорск
СОМ,RU,Соликамск
СОН,RU,Солнечный
СЛЦ,RU,Солнцево
СЛО,RU,Соловецкие Острова
СОИ,RU,Соловки
СЛШ,RU,Солонешное
СЮЛ,RU,Сольдюкар
СМО,RU,Сомово
СНИ,KZ,Соналы
СПЧ,RU,Сопочное
СОК,MD,Soroca
СРЛ,RU,Сортавала
СРУ,RU,Сорум
СНЛ,RU,Сосновка
СВЗ,RU,Сосново-Озерское
СБР,RU,Сосновый Бор
СЬВ,RU,Сосьва [ТЮМ]
ССВ,RU,Сосьва [УРЛ]
СФК,RU,Софийск
СОЯ,RU,Сояна
СПД,RU,Спасск-Дальний
СПИ,HR,Split
СРБ,UA,Сребное
КСЭ,RU,Коса
КОС,RU,Кослан
КОО,UA,Косов
КТН,KZ,Kostanay
КЦО,RU,Костино [ВСУ]
КИТ,RU,Костино [КРС]
КСШ,RU,Костомукша
КОР,RU,Kostroma
КЮВ,RU,Косью-Вом
КЬЛ,RU,Котельнич
КТП,RU,Коткино
КТС,RU,Kotlas
КУЭ,RU,Котуй
КТЯ,KZ,Котяевка
КЧЧ,RU,Кочево
КОШ,RU,Кош-Агач
КШО,RU,Кошки
КПВ,RU,Крапивино
КСЖ,RU,Краскино
КПН,RU,Красная Поляна
КОЙ,RU,Краснено
КЙО,RU,Красноармейское
КНБ,RU,Красноборск
КИШ,RU,Красновишерск
КГВ,UZ,Красногвардейск
КГЕ,RU,Красногвардейское
КРЬ,RU,Красногорье
КРС,UA,Красноград
КЕФ,RU,Красное [КОТ]
КЕЭ,RU,Красное [НРМ]
КСЗ,KZ,Краснознаменский
КНК,RU,Krasnokamensk
ККМ,RU,Краснокамск
КОУ,KZ,Краснокутск [КЗХ]
КСО,RU,Красноозерск
КЯБ,KZ,Красно-Октябрьский
КПЕ,UA,Красноперекопск
ККЬ,RU,Красноселькуп
КСБ,RU,Краснослободск
КТФ,RU,Краснотуранск
КРУ,RU,Красноуральск
КУФ,RU,Красноуфимск
ККВ,RU,Краснощеково
КОК,UA,Красные Окны
КЫГ,RU,Красный Берег
КЛМ,UA,Красный Лиман
КЧЛ,UA,Красный Луч
КСЫ,RU,Красный Октябрь
КХЛ,RU,Красный Холм
КСЧ,RU,Красный Чикой
КСЯ,RU,Красный Яр [ВСУ]
КРЯ,RU,Красный Яр [ЗСУ]
КЕЦ,UA,Кременец
КРЕ,UA,Кременная
КЕС,RU,Крестовая
КФК,RU,Крестовка
КРЦ,RU,Крестцы
КЫЭ,RU,Кресты
КЧЦ,RU,Кречевицы
КЯЛ,RU,Кривляк
КЕО,UA,Кривое Озеро
КИГ,UA,Krivoy Rog
КШР,RU,Кривошеино
КОЦ,UA,Кролевец
КТГ,RU,Крутогорово
КТЧ,RU,Круторечка
КЫЖ,UA,Крыжополь
КВЮ,RU,Крыловка
КШС,KZ,КС-12
КБА,AZ,Куба
КДЯ,KZ,Куван-Дарья
КУР,RU,Кудымкар
КУЕ,RU,Куеда
КЦК,RU,Кузнецк
КЗЦ,UA,Кузнецовск
КЧХ,RU,Кузнечиха
КНЬ,RU,Кузомень [АРХ]
КМЬ,RU,Кузомень [СЗУ]
КЗВ,RU,Кузьмовка
КУБ,RU,Куйбышев [ТАТ]
КУГ,KZ,Куйган
КЙТ,RU,Куйтун
КУА,RU,Кукан
КДЫ,KZ,Куланды
КЛА,RU,Кулар
ККИ,RU,Кулебаки
КЛО,RU,Куликово
КРЫ,KZ,Кульсары
КЛБ,TJ,KULYAB        
КЯУ,RU,Кумертау
КУХ,RU,Кумух
КНГ,UZ,Кунград
КГУ,RU,Кунгуртук
КЯЧ,TM,Куня-Ургенч
КПО,RU,Купино
КЯК,UA,Купянск
КУО,RU,Курагино
КЙЗ,KZ,Курайлысай
КЖИ,KZ,Кургальджинский
КГН,RU,Kurgan
КГС,RU,Курганинск
КГТ,TJ,Курган-Тюбе
КГЫ,KZ,Кургасын
КЕЙ,RU,Курейка
КУЖ,RU,Куржино
КИЖ,RU,Куркино
КБО,RU,Курмач-Байгол
ККШ,RU,Курокша
КУЮ,RU,Куролино
ПМЕ,UA,Курортное
КУС,RU,Kursk
КТШ,RU,Куртамыш
КМК,RU,Курумкан
КЧУ,KZ,Курчум
КУЯ,RU,Курья [КОМ]
КГЬ,RU,Кускургуль
КИС,GE,Kutaisi
КУЫ,RU,Кутана
КЦМ,RU,Кутима
КУУ,RU,Кутлу-Букаш
КПЮ,RU,Кутопъеган
КХЙ,RU,Кухтеринский
КУШ,RU,Кушва
КЮМ,RU,Куюмба
КЫЫ,RU,Kyzyl
КЫЧ,AZ,Кызыл-Агач
КЫК,KG,Кызыл-Кия
КЗЖ,RU,Кызыл-Мажалык
КЗО,KZ,Kzyl-Orda
КЫЕ,RU,Кыкер
КЫР,RU,Кыра
КЫН,RU,Кырен
ККС,KZ,Кысыккамыс
КЫС,RU,Кысыл-Сыр
КЫТ,RU,Кытманово
КШИ,RU,Кышик
КЫВ,RU,Кыштовка
КЮР,AZ,Кюрдамир
КЯХ,RU,Кяхта
ЛАБ,RU,Лабинск
ЛБЖ,RU,Лабожское
ЛАТ,RU,Лабытнанги
ЛАГ,GE,Лагодехи
ЛЗР,RU,Лазарев
ЛАЗ,RU,Лазаревское
ЛАО,RU,Лазо
ЛУН,UA,Лазурное
ЛАЙ,RU,Лайтамак
ЛКШ,RU,Лакаш
ЛБР,RU,Ламбас
ЛМТ,RU,Ламутское
ЛРН,RU,Ларино
ЛРЯ,RU,Ларьяк
ЛСЧ,RU,Ласточка
ЛХМ,RU,Лахома
ЛЕБ,RU,Лебедянь
ЛЖЕ,RU,Лебяжье
ЛТО,RU,Лев Толстой
ЛВК,RU,Левково
ЛНВ,RU,Ленево
ЛГР,RU,Ленинградский
ЛЕР,KZ,Ленинградский [КЗХ]
ЛНИ,UA,Ленино
ЛЕГ,RU,Лениногорск
ЛКУ,RU,Ленинск-Кузнецкий
ЛНР,AZ,Ленкорань
ЛСК,RU,Lensk
ЛОВ,RU,Леово
ЛПН,KZ,Лепсинск
ЛПС,KZ,Лепсы
ЛЕС,RU,Лесная
ЛСГ,RU,Лесогорск
ЛЕТ,RU,Летка
ЛЕЗ,RU,Летняя Золотица
ЛЕШ,RU,Лешуконское
ЛВН,RU,Ливны
ЛДА,BY,Лида
ЛКН,RU,Ликино
ЛИМ,UA,Лиман
ЛИП,RU,Lipetsk
ЛПК,MD,Липканы
ЛДО,UA,Липовая Долина
ЛСВ,RU,Листвяги
ЛВЗ,RU,Ловозеро
ЛПО,RU,Лодейное Поле
ЛОК,RU,Локосово
ЛЮГ,RU,Longyugan
ЛПТ,RU,Лопатково
ЛПХ,RU,Лопхари
ЛШГ,RU,Лопшеньга
ЛОР,RU,Лорино
ЛБС,RU,Лосиноборск
ЛХВ,UA,Лохвица
ЛБН,UA,Лубны
ЛГС,UA,Lugansk
ЛГТ,RU,Луговатка
ЛГВ,RU,Луговой
ЛУГ,KZ,Луговой [КЗХ]
ЛКЯ,RU,Лукашкин Яр
ЛУМ,RU,Лукмос
ЛУХ,RU,Лух
ЛХТ,RU,Луховицы
ЛЫС,RU,Лысьва
ЛВО,UA,Lvov
ЛКА,RU,Львовка
ЛОГ,RU,Льгов
ЛЮБ,BY,Любань [БЕЛ]
ЛЮН,RU,Любань [СЗУ]
ЛЮР,UA,Любар
ЛБШ,UA,Любашевка
ЛШВ,UA,Любешов
ЛБЛ,UA,Любомль
ЛТИ,RU,Любытино
ЛЮП,RU,Люк-Пай
ЛЯМ,RU,Лямино
МДН,RU,Magadan
МГН,RU,Маган
МГК,UA,Магдалиновка
МГС,RU,Magnitogorsk
МОД,RU,Мадаево
МАЙ,KZ,Майкаин
МКП,RU,Majkop
МЙС,RU,Майск
МКЙ,RU,Майский
МЙК,RU,Майский [ДВУ]
МЙЙ,RU,Майский [СВУ]
МЙЕ,RU,Майское
МАК,RU,Макарьев
МКЗ,RU,Макзыр
МАВ,RU,Маковское
МКИ,RU,Максимовка
МАГ,ES,Malaga
МБЧ,RU,Малая Бича
МВИ,UA,Малая Виска
МЛМ,RU,Малая Кема
МЛЭ,UA,Малин
МЛН,RU,Малиновка
МЛБ,RU,Малка
МАЛ,RU,Малмыж
МКА,KZ,Малые Камкалы
МЛЛ,RU,Малый Атлым
МАМ,RU,Мама
МАШ,RU,Мамадыш
МЛЬ,RU,Мамыль
МГТ,UZ,Мангит
МНЗ,RU,Манзя
МИЛ,RU,Манилы
МАН,RU,Мантурово
МНВ,UA,Маньковка
МРЛ,RU,Марево
МРЦ,RU,Мариец
МИИ,RU,Мариинск
МРН,RU,Мариинское
МИТ,RU,Мари-Турек
МИУ,UA,Mariupol
МОА,UA,Марковка
МКО,RU,Марково
МРК,RU,Марково [УГЦ]
МРП,RU,Маркс
МКЛ,RU,Мар-Кюель
МРТ,AM,Мартуни
МТЫ,RU,Мартыново
МРЫ,TM,Mary
МЬН,RU,Марьино
МЛЯ,RU,Маслянино
МТЙ,KZ,Мастексай
МВК,RU,Матвеевка
МХР,GE,Махарадзе
МХЛ,RU,Makhachkala
МАЧ,RU,Мача
МШВ,RU,Машаковка
МГИ,RU,Мглин
МЕГ,RU,Мегион
МГР,AM,Мегри
МВЖ,RU,Медвежка
МДЖ,RU,Медвежье
МЕД,RU,Медногорск
МВД,UA,Межводное
МЖД,RU,Междуреченск
МДК,RU,Междуречье
МЖЯ,UA,Межевая
МЖВ,RU,Межовка
МЗН,RU,Мезень
МЕЙ,RU,Мейныпильгыно
МЛХ,RU,Мелехово
МЛТ,UA,Мелитополь
МЛВ,UA,Меловое
МЛП,UA,Мельница-Подольская
МЛЧ,RU,Мельничное
МЗА,RU,Менза
МЕК,RU,Мензелинск
МЕТ,GE,Местиа
МЕШ,RU,Мещура
МИЬ,RU,Микунь
МЛР,RU,Миллерово
МЛК,RU,Мильково
МСК,BY,Minsk
МНУ,RU,Минусинск
МИР,RU,Mirnyj
МИО,RU,Мироново
МГА,RU,Мирюга
МТФ,RU,Митрофаново
МХЙ,RU,Михайловка
МЛФ,KZ,Михайловка [КЗХ]
МИЯ,KZ,Миялы
МГП,UA,Могилев-Подольский
МГЧ,RU,Могоча
МЗР,BY,Мозырь
МЖН,RU,Молодежный
МОЛ,BY,Молодечно
МЛО,RU,Молоково
МОЧ,RU,Молчаново
МОМ,RU,Мома
МНШ,UA,Монастырище
МРЩ,RU,Монастырщина
МОЗ,RU,Морозовск
МРШ,UA,Моршин
МВЛ,RU,Мосеево
МТГ,RU,Мотыгино
МСУ,RU,Мрас-Су
МСЫ,RU,Мугур-Аксы
МУЖ,RU,Мужи
МНК,UZ,Муйнак
МКЧ,UA,Мукачево
МДУ,RU,Мундуйское
МУР,RU,Муром
МУС,RU,Муслюмово
МЙМ,RU,Мутный Материк
МРЙ,RU,Муторай
МУЧ,GE,Мухрани
МУЯ,RU,Муя
МЫЛ,RU,Мыльджино
МКМ,RU,Мыс Каменный
МКЫ,RU,Мыс Косистый
ПИЦ,RU,Мыс Пицунда
ЧЛЮ,RU,Мыс Челюскин
МШД,RU,Mys Shmidta
МЫШ,RU,Мышкин
МЧК,RU,Мячково
НЖЧ,RU,Nabereznye Chelny
НВИ,UZ,Навои
НГС,RU,Нагорск
НДМ,RU,Nadym
НАЗ,RU,Назарово
НЗВ,RU,Назимово
НЗН,RU,Назино
ИНШ,RU,Назрань
НБА,RU,Найба
НБХ,KZ,Найман-Бухарбай
НКЫ,RU,Наканно
НАЛ,KZ,Налибай
НЧК,RU,Nalchik
НАМ,RU,Намск
НМЫ,RU,Намы
НПО,RU,Напалково
НПС,RU,Напас
НЙВ,RU,Наратай
НДЧ,UA,Народичи
НТЙ,RU,Нартай [НИЖНЕУДИНСК]
НУК,RU,Наруксово
НЫЫ,RU,Нарыкары
НЫН,KG,Нарын
НФТ,AZ,Нафталан
НХД,RU,Nahodka
НГТ,RU,Неготка
НЕД,RU,Недокура
НЖН,UA,Нежин
НЖИ,RU,Нежинка
НВШ,RU,Нейво-Шайтанский
НЛН,RU,Нелькан
НЕП,RU,Непа
НИЦ,RU,Нерица
НЗР,RU,Нерха
НЕЧ,RU,Нерчинск
НЗА,RU,Нерчинский Завод
НРГ,RU,Neryungri
НЕС,RU,Несь
НФК,RU,Neftekamsk
НФУ,RU,Нефтекумск
НЮГ,RU,Nefteyugansk
НФМ,AZ,Нефтяные Камни
НХВ,RU,Нехаевский
НЕШ,RU,Нешкан
НИВ,RU,Нившера
НЖГ,RU,Нижнеангарск
НЖЕ,UA,Нижнегорский
НЖК,RU,Нижнекамск
НЖБ,RU,Нижнетамбовское
НЖД,RU,Nizhneudinsk
НЖШ,RU,Нижнешадрино
НЖЯ,RU,Нижнеянск
НЖП,RU,Нижние Промги
НЖЙ,RU,Нижний
НЛО,RU,Нижний Ломов
НЖТ,RU,Нижний Тагил
НЖУ,RU,Нижний Цасучей
НЧИ,RU,Нижний Чир
НЯВ,RU,Нижняя Вочь
НПШ,RU,Нижняя Пеша
НИТ,RU,Нижняя Тавда
НКЬ,RU,Никель
НЛВ,UA,Nikolaev
НИА,RU,Николаевка
НЛК,RU,Nikolaevsk-Na-Amure
НЛЬ,RU,Никольск [ПРУ]
НКО,RU,Никольск [СЗУ]
НИК,RU,Никольское
НКП,UA,Никополь
НАЯ,RU,Новая
НИГ,RU,Новая Игирма
НКЗ,KZ,Новая Казанка
НУШ,UA,Новая Ушица
НСО,UA,Новгород-Северский
НГК,RU,Новоаганск
НВЗ,UA,Новоазовск
НАГ,RU,Ново-Ангарск
НХС,UA,Новоархангельск
НБЛ,RU,Новобелокатай
НБИ,RU,Новобирилюссы
НБК,RU,Новобокино
НОВ,UA,Нововолынск
НВВ,UA,Новоград Волынский
НВГ,BY,Новогрудок
НОИ,RU,Новоипатово
НЗЛ,KZ,Новоказалинск
НВУ,RU,Новокиевский Увал
НВК,RU,Novokuznetsk
НКУ,RU,Ново-Кулаково
НУВ,RU,Новокуровка
НМД,UA,Новомиргород
НВМ,RU,Новомосковск
НКЛ,UA,Новониколаевка
НЛЕ,RU,Новоникольское
НПР,RU,Новопокровка
НПК,UA,Новопсков
НВР,RU,NOVOROSSISK
НРЫ,RU,Новорыбное
НСЛ,RU,Новоселово [КРС]
НВС,RU,Новоселово [УРЛ]
ОВБ,RU,Novosibirsk
НСИ,RU,Новосиль
НСП,RU,Новоспасское
НРЦ,RU,Новотроицкое
НУЗ,RU,Новоузенск
НЧП,RU,Ново-Чаплино
НШШ,RU,Новошешминск
НЯР,RU,Ново-Ярцево
НБЫ,RU,Новые Бурасы
НЛГ,RU,Новые Лангры
НАШ,RU,Новый Анаш
НОР,RU,Новый Бор
НЫВ,RU,Новый Васюган
НГД,RU,Новый Городок
НПТ,RU,Новый Порт
НТЗ,RU,Новый Тевриз
НОЗ,KZ,Новый Узень
НУР,RU,Novy Urengoy
НОГ,RU,Ногинск
НГЛ,RU,Nogliki
НБР,RU,Нонбург
НРЯ,RU,Нори
НРС,RU,Norilsk
НСФ,RU,Носок
НОЯ,RU,Nojabrxsk
НУС,UZ,Nukus
НУМ,RU,Нумто
НУГ,RU,Нунлигран
НУА,KZ,Нура
НУУ,UZ,Нурата
НРТ,RU,Нурлат
НУТ,RU,Нутепельмен
НЫД,RU,Ныда
НРБ,RU,Ныроб
НЮК,RU,Нюксеница
НЮМ,RU,Нюмыд
НЮР,RU,Нюрба
НЮХ,RU,Нюхча
НЯГ,RU,Nyagan
НЯК,RU,Няксимволь
НЯЛ,RU,Нялино
НЯШ,RU,Няшабож
ОАЭ,AZ,О Артем
ОВЛ,RU,О Врангеля
ОСЖ,AZ,О Жилой
ОБЧ,RU,Обьячево
ОВГ,RU,Овгорт
ВДА,IL,Ovda
ОВЦ,KZ,Овцевод
ОГО,RU,Огоджа
ОДС,UA,Odessa Central
ОДЗ,AM,Одзун
ОЕЙ,RU,Оз. Ессей
ОЗР,RU,Озерная
ОЗН,UA,Озерное
ОКЛ,RU,Озерные Ключи
ОЗЙ,RU,Озерный
ОЗЧ,RU,Озинки
ОЗТ,GE,Озургети
ОМК,RU,Оймякон
ОКА,RU,Ока
ОЛД,RU,Оклан
ОКИ,RU,Оксино
ОКЯ,KZ,Октябрь
ОЯБ,RU,Октябрьск
ОБР,RU,Октябрьский [АРХ]
ОБК,RU,Октябрьский [ДВУ]
ОЯК,KZ,Октябрьский [КЗХ]
ОТЯ,RU,Октябрьское
ОКС,RU,Октябрьское [ПРУ]
ОТБ,RU,Октябрьское [УРЛ]
ТИН,RU,Тиман
ТРЗ,KZ,Тимирязево
ТШН,RU,Тимошино
ТИМ,KZ,Тимур
ТИШ,RU,Тимшер
ОУН,RU,Окунево
ОЛВ,UA,Олевск
ОЛК,RU,Olekminsk
ОЛМ,RU,Олема
ОЛН,RU,Оленек
ОЛЬ,RU,Ольга
ОЬХ,RU,Ольховка
ОЛШ,UA,Ольшанка
ОМА,RU,Ома
ОМЛ,GE,Омало
ООЛ,RU,Омолон
ОСУ,RU,Омсукчан
ОНА,RU,Онега
ОРА,KZ,Оранбай
ОЖК,RU,Орджоникидзе
ОЧЛ,RU,Орель Чля
ОНГ,RU,Orenburg
ОЖИ,UA,Оржица
ОРЛ,RU,Орлик
ОЛГ,RU,Орлинга
ОСК,RU,Orsk
ОРТ,RU,Орто-Нахара
ОСА,RU,Оса
ОМЫ,RU,Осиновый Мыс
ОСИ,RU,Осипово
ОКБ,RU,Оскоба
ОСО,RU,Оссора
ЧЧН,RU,Остров Чечень
ОСГ,RU,Островное
ОЦЫ,RU,Островцы
ОСЬ,RU,Оськино
ОСЯ,RU,Осяткино
ОТИ,KZ,Отари
ОТД,RU,Отрадная
ОТЖ,RU,Отрожное
ОХА,RU,Okha
ОХТ,RU,Okhotsk
ОХЬ,RU,Охтеурье
ОШШ,KG,Osh
ОША,RU,Ошарово
ПАВ,RU,Павино
ПВВ,RU,Павловск
ПВЛ,KZ,Pavlodar
ПАН,RU,Палана
ПЛГ,LT,Palanga
ПЛС,RU,Палласовка
ПМИ,ES,Palma Mallorka
ПАЛ,RU,Пальяново
ПНЕ,RU,Панаевск
ПШХ,RU,Панкрушиха
ПВО,RU,Паново
ПАФ,KZ,Панфилов
ПАП,UZ,Пап
ПРБ,RU,Парабель
ПАГ,RU,Параньга
ПБГ,RU,Парбиг
ПАЕ,RU,Парень
ПРР,TJ,Пархар
ПФО,CY,Paphos
ПАЧ,RU,Пахачи
ПЕВ,RU,Pevek
ПЛД,RU,Пеледуй
ПНЖ,TJ,Пенджикент
ПНА,RU,Penza
ПВР,RU,Первомайка
ПВС,RU,Первомайск [КРС]
ПЕР,UA,Первомайск [УКР]
ПКЙ,RU,Первомайский
ПРС,RU,Первомайский [ВСУ]
ПТЙ,KZ,Первомайский [КЗХ]
ПВН,RU,Перевесинка
ПВЗ,RU,Перевоз
ПГЕ,RU,Перегребное
ПЕЛ,RU,Перелюб
ПТК,RU,Пертоминск
ПЕС,KZ,Пески
ПТВ,RU,Пестово
ПЧА,UA,Песчанка
ПЕТ,RU,Петровск
ПКЕ,UA,Петровское
ПТЗ,RU,Petrozavodsk
ПТМ,RU,Петрокаменское
ПРП,RU,Петропавловка [ВСУ]
ПРА,KZ,Petropavlovsk
ППВ,RU,Петропавловское
ПРУ,RU,Петрунь
ПЧР,RU,Pechora
ПИЛ,RU,Пильва
ПНГ,RU,Пинега
ПНК,BY,Пинск
ПИН,RU,Пионерный
ПРЙ,RU,Пиринемь
ПИР,RU,Пировское
ПГО,RU,Пит-Городок
ПТЕ,RU,Пителино
ПИЕ,RU,Питерка
ПТЛ,RU,Питляр
ПХВ,RU,Пихтовка
ПАС,RU,Пласт
ПЛА,RU,Plastun
ПБЕ,RU,Победа
ПОБ,RU,Победа [УРЛ]
ПГР,RU,Погар
ПГБ,UA,Погребище
ПГЫ,RU,Погындино
ПДВ,RU,Подволочное
ПДЛ,RU,Подволошино
ПОД,RU,Подгорное
ПТС,RU,Подкаменная Тунгуска
ПДС,RU,Подтесово
ПДЧ,RU,Подчерье
ПОЖ,RU,Пожва
ПУР,RU,Покур
ПСС,UA,Полесское
ПГУ,RU,Полигус
ПОС,RU,Полины Осипенко
ПЛН,RU,Полноват
ПОГ,UA,Пологи
ПНН,UA,Полонное
ПОЛ,BY,Полоцк
ПЛВ,UA,Poltava
ПЛР,RU,Полярный [СВУ]
ПЛЯ,RU,Polyarnyj
ПОЗ,RU,Помоздино
ПГА,RU,Понга
ПНЛ,RU,Понил
ПНР,RU,Пономаревка [ЗСУ]
UGS,US,UGASHIK
KID,SE,KRISTIANSTAD
KWJ,KR,GWANGJU
ПМР,RU,Пономаревка [ПРУ]
ПОП,UA,Попасная
ПАЙ,RU,Поронайск
ПВЫ,BY,Поставы
ПОА,RU,Потапово
ПОИ,GE,Поти
ПЕШ,RU,Пошехонье-Володарск
ПЖЕ,RU,Преображение
ПКА,RU,Преображенка [КИРЕНСК]
ПБЖ,RU,Преображенка [ЧИТА]
ПРЕ,KZ,Пресновка
ПРВ,KZ,Пресногорьковка
ПОЯ,RU,Претория
ПРЖ,KG,Пржевальск
ПРГ,RU,Приаргунск
ПБЙ,RU,Прибойный
ПРК,UA,Прилуки
ПРИ,UA,Приморск
ПАХ,RU,Приморско-Ахтарск
ПМО,UA,Приморское
ПЗР,KZ,Приозерное
ППО,RU,Приполярный
ПРТ,RU,Приуральский
ПУЛ,RU,Приуральское
ПШБ,AZ,Пришиб
ПРО,RU,Прокопьевск
ПРН,RU,Проспихино
ПХК,RU,Прохоркино
ПСБ,RU,Псебай
ПСК,RU,Pskov
ПХУ,GE,Псху
ПГЧ,RU,Пугачев
ПУГ,RU,Пуг-Юг
ПДН,RU,Пудино
ПДЖ,RU,Пудож
ПУИ,RU,Пуир
ПКС,RU,Пуксинка
ПУА,HR,Pula
ПУМ,RU,Пурнема
ПУО,RU,Пуровск
ПУТ,UA,Путивль
ПОК,RU,Путь Октября
ПЧЖ,RU,Пучеж
ПЧГ,RU,Пучуга
ПУШ,AZ,Пушкино
ПШК,RU,PUSHKINO
ПШГ,RU,Пушкинские Горы
ПЫР,RU,Пырьях
ПЯМ,RU,Пяльма
ПЯН,TJ,Пяндж
ПТГ,RU,PIATIGORSC
ПТИ,KZ,Пятимар
РЩВ,RU,Радищево
РАД,RU,Raduzhnyi
РЗД,RU,Раздольное
РАЙ,KZ,Райгородок
РЧХ,RU,Райчихинск
РНЦ,RU,Раменское
РКД,RU,Раскильдино
РСУ,RU,Рассвет
РСЯ,RU,Рассоха
РХИ,RU,Рассохи
РКЛ,KZ,Рахмановские Ключи
РМД,RU,Ремда
РЕМ,RU,Ремонтное
РЕИ,UA,Рени
РПК,RU,Репьевка
УЧН,RU,Реткучи
РЕЧ,BY,Речки
РНЬ,RU,Ровеньки [УГЦ]
РВН,UA,Ровеньки [УКР]
РОД,RU,Родина
РДН,RU,Родино
РЖК,KZ,Родник
РОЖ,RU,Рожково
РЛЮ,RU,Роза Люксембург
РМЯ,RU,Роман
РМУ,RU,Романовка [ВСУ]
РМФ,RU,Романовка [КРС]
РМН,RU,Романовка [ПРУ]
РМЗ,RU,Романово
РМЮ,RU,Романовская
РМЫ,RU,Ромны
РНЫ,UA,Ромны [УКР]
РДВ,RU,Ромоданово
РОТ,RU,Рослятино
РСШ,RU,Россошь
РТЛ,RU,Ротислово
РТИ,UA,Ротмистровка
РОЧ,RU,Рочегда
РОЩ,RU,Рощино
РУБ,RU,Рубино
РБЦ,RU,Рубцовск
РДГ,RU,Рудногорск
РУД,RU,Рудня
РУЖ,UA,Ружин
РУЗ,KZ,Рузаевка
РУС,RU,Русиново
РШО,RU,Русские Шои
РУК,RU,Русскинские
РУЧ,RU,Ручьи
РЧИ,RU,Ручьи [АРХ]
РУШ,TJ,Рушан
РБЧ,KG,Рыбачье
ААЗ,RU,Rybinsk
РЫБ,MD,Рыбница
РЫК,RU,Рыбновск
РЫН,RU,Рыбное
СБТ,RU,Сабетта
САВ,UA,Саврань
СЖН,RU,Сажино
СЙХ,KZ,Сайхин
СКЫ,RU,Саккырыр
СЛЛ,RU,Салемал
СЛЭ,RU,Салта
СЫК,RU,Салтымаково
СЛК,RU,Сальск
СНЫ,AZ,Сальяны
СМГ,RU,Самарга
САР,KZ,Самарское
СЛА,RU,Самолва
САГ,RU,Сангар
СДА,RU,Сандакчес
СНД,RU,Сандово
СЧК,RU,Санчурск
СЯХ,RU,Саныяхтах
СОЖ,RU,Сапожок
САИ,RU,Сараи
САЖ,KZ,Саралжин
СНП,RU,Саранпауль
СРН,RU,Saransk
САП,RU,Сарапул
СРО,RU,Saratov
ССЯ,UZ,Сариассия
СДК,KZ,Сарканд
САЫ,RU,Сарманово
СЫБ,KZ,Сары-Булак
ЧКС,TJ,CHKALOVSK
IVL,FI,Ivalo
RWN,UA,Rovno
РВО,UA,Rovno
ТМЗ,UZ,Termez
BRN,CH,Berne
ШЕЛ,RU,Shelehov
HTY,TR,HATAY
ANU,AG,ANTIGUA
BGI,BB,BARBADOS
SSX,TR,SAMSUN
KKC,TH,KHON KAEN
SAF,US,SANTA
BIS,US,BISMARCK
VSA,MX,VILLAHERMOSA
GWO,US,Greenwood
FSZ,JP,SHIZUOKA
АКА,KZ,Андреевка
1KC,RU,КЦ
WWW,RU,WORLD WIDE WEB
SAV,US,SAVANNAH
HTI,AU,HAMILTON ISLAND
TGM,RO,TIRGU MURES
ABC,ES,ALBACETE
BJZ,ES,BADAJOZ
CQM,ES,CIUDAD REAL
HSK,ES,HUESCA
MAH,ES,MENORCA-MAHON
RGS,ES,BURGOS
RJL,ES,LOGRONO
SLM,ES,SALAMANCA
VLL,ES,VALLADOLID
ELH,BS,NORTH ELEUTHERA
GGT,BS,GEORGE TOWN-EXUMA INTL
GHB,BS,GOVERNORS HARBOUR
MHH,BS,MARSH HARBOUR
TCB,BS,TREASURE CAY
BZE,BZ,BELIZE CITY
AXA,AI,ANGUILLA
ANF,CL,ANTOFAGASTA
ARI,CL,ARICA
BBA,CL,BALMACEDA
CCP,CL,CONCEPCION
CJC,CL,CALAMA
CPO,CL,COPIAPO DESIERTO DE ATACAMA AP
IQQ,CL,IQUIQUE
LSC,CL,LA SERENA
PMC,CL,PUERTO MONTT
ZAL,CL,VALDIVIA
HRN,AU,HERON ISLAND
FMM,DE,MEMMINGEN
KCZ,JP,KOCHI
BGA,CO,BUCARAMANGA
ALB,US,ALBANY
AMH,ET,ARBA MINTCH
GLH,US,GREENVILLE
YYF,CA,PENTICTON
HRL,US,HARLINGEN
PKB,US,PARKERSBURG
CKY,GN,Conakry
CEW,US,CRESTVIEF
SOC,ID,SOLO CITY
MBS,US,SAGINAW
PQI,US,PRESQUE ISLE
MYR,US,MYRTLE BEACH
MPS,US,MOUNT PLEASANT
ESP,US,EAST STROUDSBURG
TRI,US,Blountville
VRA,CU,VARADERO JUAN GUALBERTO
CRY,AU,CARLTON HILL
UEE,AU,QUEENSTOWN
WOL,AU,WOLLONGONG
FIZ,AU,FITZROY CROSSING
CWD,US,NORWOOD
CVA,US,Civic
ROH,AU,ROBINHOOD
KPS,AU,KEMPSEY
MNC,AU,MACMAHON CAMP
GEX,AU,GEELONG
UDA,AU,UNDARRA
SHT,AU,SHEPPARTON
KSV,AU,SPRINGVALE
YXX,CA,ABBOTSFORD
WTD,BS,WEST END
MLV,AU,MERLUNA
HDD,PK,Hyderabad
ХКТ,TH,Phuket
AMI,ID,MATARAM
БОМ,IN,Mumbai
БЕУ,LB,Beirut
БОЯ,IT,Bologna
БХЕ,BH,Bahrain
ГАМ,DE,Hamburg
ДАЦ,BD,Dhaka
ДЖД,SA,Jeddah
ДММ,SA,DAMMAM KING FAHD
ДПС,ID,Denpasar Bali
КВИ,KW,Kuwait
КОБ,LK,Colombo
КЧО,IN,Kochi
ЛХЕ,PK,Lahore
МКТ,OM,Muscat
МНИ,PH,Manila
РУХ,SA,Riyadh
САХ,YE,Sanaa
ТПЕ,TW,Taipai
ТРВ,KI,Tarawa
ХРТ,SD,Khartoum
ЦПТ,ZA,Cape Town
ДКТ,ID,Jakarta
ДОХ,QA,Doha
ВЕЦ,IT,Venice
МИА,US,Miami
PPI,AU,PORT PIRIE
CES,AU,CESSNOCK
PXT,UK,PRESTON
CED,AU,Ceduna
ESK,TR,ESKISEHIR 
PPP,AU,PROSERPINE
BSJ,AU,BAIRNSDALE
BQB,AU,BUSSELTON
FOS,AU,FORREST
NOA,AU,NOWRA
TBB,VN,TUY HOA
PMK,AU,PALM ISLAND
GIM,AU,GLENORMISTON
TGN,AU,TRARALGON
WGZ,AU,MANLY
TWB,AU,TOOWOOMBA
MCY,AU,MAROOCHYDORE
ERC,TR,ERZINCAN
NAV,TR,NEVSEHIR
CWT,AU,Cowra
NBR,AU,NAMBOUR
BHT,AU,BRIGHTON DOWNS
KEH,US,KENMORE
WAU,AU,WAUCHOPE
BHQ,AU,BROKEN HILL
KYN,UK,Milton Keynes             
RCM,AU,RICHMOND
SRM,AU,SANDRINGHAM
CCR,US,Concord
JFM,AU,FREMANTLE
XPT,UK,PRESTON
GIS,NZ,GISBORNE                
AUN,US,Auburn
FFL,US,FAIRFIELD
XPF,UK,Penrith
ОСЭ,JP,Osaka
QTW,KR,DAEJEON
МАЭ,SC,Victory
ГЛА,GB,Glasgow
МАТ,MT,Malta
МНЧ,GB,Manchester
ТТО,CA,Toronto
ТЦИ,ES,Tenerife
ХАВ,CU,Havana
ЭДИ,GB,Edinburgh
ICN,KR,INCHEON
ARW,RO,ARAD
BCM,RO,BACAU
XHV,RO,BRASOV BUS STN
OMR,RO,ORADEA
OTP,RO,OTOPENI-BUCHAREST
QPL,RO,PLOIESTI
SCV,RO,SUCEAVA
TCE,RO,TULCEA
KEE,CG,KELLE
ЛЕЙ,DE,Leipzig
ЦАС,MA,Casablanca
АЛП,SY,Aleppo
ЛНЗ,AT,Linz-Hoersching
ЕАП,CH,BASEL-MULHOUSE
ИСБ,PK,Islamabad
RPR,IN,RAIPUR
СВЛ,ES,Seville
BDA,BM,Bermuda
MAF,US,MIDLAND/ODESSA
KVR,RU,KAVALEROVO
BHM,US,Birmingham
BAL,TR,Batman
KOA,US,Kona
PIX,PT,PICO ISLAND
HOR,PT,HORTA
BHZ,BR, BELO HORIZONTE
HEK,CN,HEIHE
SHV,US,Shreveport
GRB,US,Green Bay
TAM,MX,TAMPICO
SFB,US,ORLANDO SANFORD
TYR,US,Tyler
BGR,US,Bangor
GOZ,BG,GORNA ORECHOVITSA
TDK,KZ,TALDY-KURGAN
INV,GB,INVERNESS
KAO,FI,Kuusamo
OEL,RU,Orel
UBP,TH,UBON RATCHATHANI
МЗД,RU,Mozdok
SLY,RU,Salehard
СХД,RU,Salehard
VTB,BY,Vitebsk
GNA,BY,Grodno
БДН,RU,Буденновск
НГН,RU,Ногинск
LNX,RU,Smolensk
MLO,GR,Milos
JTY,GR,Astypalaia
JIK,GR,Ikaria
SKU,GR,Скирос
LRS,GR,Лерос
FSM,US,FORT SMITH
SKB,KN,Basseterre
TAB,TT,Tobago
AMD,IN,AHMEDABAD
BMI,US, BLOOMINGTON
SCE,US,STATE COLLEGE
CLO,CO,CALI
WGA,AU,WAGGA-WAGGA
HVB,AU,HERVEY BAY
ISA,AU,MOUNT ISA
KGI,AU,KALGOORLIE
KTA,AU,KARRATHA
LDH,AU,LORD HOWE IS.
LRE,AU,LONGREACH
LST,AU,LAUNCESTON
MHU,AU,MOUNT HOTHAM
MKY,AU,MACKAY
MOV,AU,MORANBAH
MQL,AU,MILDURA
NAA,AU,NARRABRI
NTL,AU,NEWCASTLE
PBO,AU,PARABURDOO
PQQ,AU,PORT MACQUARIE
RMA,AU,ROMA
ROK,AU,ROCKHAMPTON
TMW,AU,TAMWORTH
WEI,AU,WEIPA
ZBL,AU,BILOELA
ZNE,AU,NEWMAN
BON,AN,BONAIRE
ZQN,NZ,QUEENSTOWN
CIX,PE,CHICLAYO
CJA,PE,CAJAMARCA
PEM,PE,PUERTO MALDONADO
PIU,PE,PIURA
TBP,PE,TUMBES
TCQ,PE,TACNA
TPP,PE,TARAPOTO
TRU,PE,TRUJILLO
ZCO,CL,TEMUCO
ZPC,CL,PUCON
BRC,AR,SAN CARLOS DE BARILOCHE
ASP,AU,ALICE SPRINGS
LIR,CR,LIBERIA
LRM,DO,LA ROMANA
STI,DO,SANTIAGO
CUE,EC,CUENCA
KOK,FI,KOKKOLA/PIETARSAARI
EAP,FR,BASEL-MULHOUSE
AAN,AE,AL AIN
PDP,UY,PUNTA DEL EST
ABI,US,ABILENE
ACT,US,WACO
AEX,US,ALEXANDRIA
AMA,US,AMARILLO
AZO,US,KALAMAZOO
BRO,US,BROWNSVILLE
BUR,US,BURBANK
CAE,US,COLUMBIA
CHA,US,CHATTANOOGA
CID,US,CEDAR RAPIDS/IOWA CITY
CLL,US,COLLEGE STATION
COS,US,COLORADO SPRINGS
CRP,US,CORPUS CHRISTI
CRW,US,CHARLESTON
CWA,US,CENTRAL WI-WAUSAU
DBQ,US,DUBUQUE
EGE,US,VAIL/EAGLE
EYW,US,KEY WEST
GGG,US,GLADEWATER
GJT,US,GRAND JUNCTION
GPT,US,GULFPORT/BILOX
ILE,US,KILLEEN
GUC,US,GUNNISON
SBS,US,STEAMBOAT SPRINGS
HPN,US,WESTCHESTER COUNTY
JAC,US,JACKSON
PTP,GP,POINTE A PITRE
AKJ,JP,ASAHIKAWA
ASJ,JP,AMAMI O SHIMA
GAJ,JP,YAMAGATA
ISG,JP,ISHIGAKI
KKJ,JP,KITA KYUSHU
KMI,JP,MIYAZAKI
KUH,JP,KUSHIRO
MMY,JP,MIYAKO JIMA
MSJ,JP,MISAWA
OGN,JP,YONAGUNI-JIMA
SHM,JP,NANKI SHIRAHAMA
TAK,JP,TAKAMATSU
TKN,JP,TOKUNOSHIMA
UBJ,JP,UBE
UEO,JP,KUMEJIMA
ACA,MX,ACAPULCO
AGU,MX,AGUASCALIENTES
BJX,MX,LEON/GUANAJUATO
XNB,AE,Dubai-Bus Station
SLP,MX,SAN LUIS POTO
TRC,MX,TORREON
LAW,US,LAWTON
LCH,US,LAKE CHARLES
LFT,US,LAFAYETTE
LIH,US,LIHUE KAUAI
LRD,US,LAREDO
LSE,US,LA CROSSE
MFE,US,MC ALLEN
MGM,US,MONTGOMERY
MHK,US,MANHATTAN
MLI,US,MOLINE
MLU,US,MONROE
MTJ,US,MONTROSE
ROW,US,ROSWELL
RST,US,ROCHESTER
SJT,US,SAN ANGELO
SPI,US,SPRINGFIELD
SPS,US,WICHITA FALLS
TOL,US,TOLEDO
TVC,US,TRAVERSE CITY
TXK,US,TEXARKANA
VPS,US,FT. WALTON BEACH
XNA,US,FAYETTEVILLE
KLD,RU,KALININ
DQA,CN,DAQUING SHI
CHO,US,CHARLOTTESVILLE
BSR,IQ,Basra
BZV,CG,Brazzaville
DRO,US,Durango
ECP,US,Панама Сити
BAQ,CO,BARRANQUILLA
QAJ,AE,AJMAN
TUF,FR,TOURS
BUY,AU,BUNBURY
XOH,AT,KITZBUEHEL
ODB,ES,CORDOBA
АМН,JO,Amman
АУХ,AE,Abu Dhabi
ИНН,AT,Innsbruck
МАД,ES,Madrid
РМИ,IT,Rimini
АЛИ,ES,Alicante
СЬЯ,CN,Sanya
QJD,AU,JINDABYNE
STH,AU,STRATHMORE
GFF,AU,GRIFFITH
IGH,AU,INGHAM
BHS,AU,BATHURST
GET,AU,GERALDTON
MQA,AU,MANDORA
СРМ,RU,Среднеколымск
СПХ,RU,Средние Пахачи
СДЙ,RU,Средний
СВЮ,RU,Средний Васюган
СРК,RU,Средний Калар
СРТ,RU,Сретенск
СЖТ,KZ,Ст.Жетыбай
СТВ,RU,Stavropol
СДУ,RU,Стадухино
СКЛ,RU,Старая Кулатка
РСИ,RU,Старая Русса
СТЦ,RU,Старица
СБЧ,RU,Старобалтачево
СБК,UA,Старобельск
СДЖ,RU,Старое Дрожжаное
ССБ,RU,Старосубхангулово
САУ,RU,Старотуруханск
САБ,RU,Старые Айбеси
СТН,RU,Старый Надым
СОЛ,RU,Старый Оскол
СПВ,AM,Степанаван
СТК,AZ,Степанакерт
СПН,RU,Степановка
СПЬ,UA,Степань
СПГ,KZ,Степногорск
СТМ,RU,Стерлитамак
СТЙ,RU,Стойба
СТБ,FR,Strasbourg
СТЖ,RU,Strezhewoi
СЛЯ,RU,Стрелка
СЧУ,RU,Стрелка-Чуня
СУД,RU,Судай
СУТ,UA,Судак
СУЖ,UA,Суджа
СЗУ,KZ,Сузак
СУЗ,RU,Сузун
СУГ,RU,Суйга
САЙ,RU,Суломай
СЦА,RU,Сульца
СУФ,RU,Сумароково
СУН,RU,Сунтар
СУА,RU,Сура
СРШ,RU,Суранаш
СУР,RU,Surgut
СГХ,RU,Сургутиха
СУХ,RU,Суриково
СДР,RU,Суринда
СУС,RU,Сусанино
ССМ,RU,Susuman
СХФ,RU,Суханово
СХП,RU,Суходол
СХЛ,RU,Сухой Лог
СУИ,GE,Sukhumi Babusheri
СЧТ,UA,Счастливое
СЫВ,RU,Syktyvkar
СЫМ,RU,Сым
СДН,RU,Сындасско
СЫН,RU,Сынзас
СРД,UZ,Сырдарья
СЫТ,RU,Сытомино
СЮД,RU,Сюльдюкар
СЮТ,KZ,Сюткент
СЯВ,RU,Сява
ТБР,RU,Таборы
ТВД,RU,Тавда
ТАГ,RU,Taganrog
ТАЖ,RU,Таежный [ДВУ]
ТЖН,RU,Таежный [КРС]
ТЗВ,RU,Тазовский
ТМЛ,RU,Таймылыр
ТШТ,RU,Тайшет
ТИО,RU,Таксимо
ТЛА,UA,Талалаевка
ТЛС,KG,Талас
ТЛП,KZ,Талдыапан
ТАЫ,KZ,Талдык
ТКО,KZ,Талдыкольский
ТКУ,KZ,Талдыкудук
ТДЫ,KZ,Талдысай
ТЦА,RU,Талица
ТАЯ,RU,Таловая
ТЛО,RU,Таловка
ТЛК,KZ,Таловка [КЗХ]
ТОЛ,RU,Талон
ТЛИ,RU,Тальники
ТЛН,UA,Тальное
ТАМ,RU,Тамала
ТМБ,RU,Tambov
ТМГ,KG,Тамга
ТМД,UZ,Тамдыбулак
ТАР,RU,Тара
ДМБ,KZ,Zhambyl
ТКС,RU,Тарко-Сале
ТГУ,RU,Тарнога
ТРУ,UA,Тарутино
ТРЭ,RU,Тархово
ТЦЕ,RU,Тасеево
ТЮР,RU,Таскюрях
ТСЫ,KZ,Тасты
ТТБ,UA,Татарбунары
ТШЫ,RU,Татышлы
ТПЙ,KZ,Тауп
ТХД,RU,Тахта
ТХБ,TM,Тахта-Базар
ТХП,UZ,Тахтакупыр
ТАХ,RU,Тахтамыгда
ТХЯ,RU,Тахтоямск
ТЦС,RU,Тацинский
ТШЛ,RU,Ташла
ТШГ,RU,Таштагол
ТЫП,RU,Таштып
ТРЬ,RU,Тверь
ТВЗ,RU,Тевриз
ТЛД,RU,Тегульдет
ТДЖ,TM,Теджен
ТЛВ,GE,Телави
ТЛЯ,IL,Tel Aviv
ТЛЬ,RU,Тельба
ТИР,KZ,Темир
ТЕМ,RU,Темников
ТМП,RU,Темп
ТМР,RU,Темрюк
ТЕК,RU,Тенкели
ТЕН,RU,Теньгушево
ТФГ,UA,Теофиполь
ТЕП,UA,Теплик
ТРБ,RU,Тербуны
ТЕЙ,RU,Терней
ТЕЯ,RU,Тетея
ТТВ,UA,Тетиев
ТТШ,RU,Тетюши
ТИГ,RU,Тигиль
ТСИ,RU,Tiksi
ТИЛ,RU,Тиличики
LHN,TW,Lishan
KHG,CN,KASHI
NGD,VG,Anegada
LPT,TH,Lampang
ВЕР,IT,Verona
КФТ,AT,Klagenfurt
CIH,CN,Changzhi
CXT,AU,CHARTERS TOWERS
ТРП,MD,Tiraspol
ТИС,RU,Тисуль
ТИТ,RU,Тит-Ары
ТИХ,RU,Тихвин
ТХЦ,RU,Тихорецк
ТЯР,RU,Тлярата
ТБЛ,RU,Tobolsk
ТБД,RU,Тобседа
ТГН,KZ,Тогускен
ТОД,RU,Тоджа
ТМЭ,RU,Токма
ТКМ,UA,Токмак
ТГЛ,KG,Токтогул
НОЦ,KZ,Толе Би
ТНЯ,RU,Толон
ТЬК,RU,Толька
ТТТ,RU,Toljatty
ТМШ,UA,Томашполь
ТСК,RU,Tomsk
ТОН,RU,Тонкино
ТПР,KZ,Топар Алма-Атинский
ТКЙ,KZ,Топар Каскеленский
ТГР,RU,Торго
ТОТ,RU,Тотьма
ТШВ,RU,Тошвиска
ТРЦ,RU,Троицкое
ТЦП,RU,Троицко-Печорск
ТЯЦ,UA,Тростянец
ТЧВ,RU,Трубчевск
ТРС,UA,Трускавец
ТУВ,RU,Трусово
ТРФ,RU,Труфаногоры
ТУП,RU,Туапсе
ТГМ,RU,Тугулым
ТУУ,RU,Тугур
ТУЛ,RU,Tula
ТЛЕ,UZ,Тулей
ТУН,RU,Тулун
ТГЧ,RU,Тунгокочен
ТНГ,RU,Тунгуска
ТПК,RU,Тупик
ТАУ,RU,Тура
ТУА,RU,Туран
ТУГ,KZ,Тургай
ТУР,RU,Туринск
ТУС,RU,Туринская Слобода
ТРК,KZ,Туркестан
ТРИ,RU,Турки
ЧДЖ,TM,Turkmenabat
ТРЫ,TM,Krasnovodsk
ТУЧ,RU,Турочак
ТРТ,UZ,Турткуль
ТУТ,RU,Турукта
ТРХ,RU,Туруханск
ТНЧ,RU,Тутончаны
ТЫЛ,RU,Тымлат
ТЫМ,RU,Тымск
ТЫД,RU,Tynda
ТВЬ,RU,Тынкобь
ТЫР,RU,Тыр
ТЮМ,RU,Tyumen
ТЮХ,RU,Тюхтет
ТСН,CN,Tianjin
ТЯН,RU,Тяня
УВТ,RU,Уват
УГЧ,RU,Углич
УГУ,RU,Угут
УДЧ,RU,Удачный
УДС,RU,Удское
УЕГ,RU,Уег
УЖГ,UA,Uzhgorod
УЖУ,RU,Ужур
УЗН,KZ,Узень
УИЛ,KZ,Уил
УЙС,RU,Уйское
УКЗ,KZ,Уктуз
УКТ,RU,Уктус [БАЛ]
УБЕ,KZ,Уланбель
УЛЭ,RU,Ulan-Ude
УЛЬ,UA,Ульяновка
УЛВ,RU,Ульяново
УЛК,RU,Ulyanovsk
УМН,UA,Умань
УМБ,RU,Умба
УРА,RU,Uraj
УРЛ,KZ,Uralsk
УТБ,TJ,Ура-Тюбе
УГН,UZ,Urgench
УГТ,UZ,Ургут
УРД,KZ,Урджар
УРО,RU,Урдома
УРГ,RU,Уренгой
УРЕ,RU,Урень
УРЖ,RU,Уржум
УРШ,KZ,Уркашский
УРК,RU,Урлук
УРМ,RU,Урманный
УЛТ,KZ,Урожайный
УРЧ,CN,Urumqi
УЮП,RU,Урюпинск
УСН,RU,Usinsk
УСВ,KZ,Усово
УСЦ,RU,Усольцево
УСС,RU,Уссурийск
УСИ,UA,Устиновка
УАВ,RU,Усть-Авам
УАН,RU,Усть-Анзас
УБГ,RU,Усть-Баргузин
УБЛ,RU,Усть-Белая
УШЦ,RU,Усть-Большерецк
УВО,RU,Усть-Воя
УВЯ,RU,Усть-Выя
УТК,RU,Ust-Ilimsk
УИЧ,RU,Усть-Илыч
УТШ,RU,Усть-Ишим
УКГ,KZ,Ust-Kamenogorsk
УКЧ,RU,Усть-Камчатск
УКН,RU,Усть-Кан
УСР,RU,Усть-Кара
УСГ,RU,Усть-Каренга
УКА,RU,Усть-Карск
УКО,RU,Усть-Кокса
УТЕ,RU,Усть-Коликъеган
УКУ,RU,Усть-Куйга
УСТ,RU,Усть-Кулом
УСК,RU,Ust-Kut
УЛА,RU,Усть-Лабинск
УТЛ,RU,Усть-Лыжа
УСМ,RU,Усть-Мая
УНМ,RU,Усть-Нем
УНР,RU,Усть-Нера
УОМ,RU,Усть-Омчуг
УОР,RU,Усть-Ордынский
УПИ,RU,Усть-Пит
УПТ,RU,Усть-Порт
УСБ,RU,Усть-Соболевка
УТЯ,RU,Усть-Тарея
УТЫ,RU,Усть-Тым
УДА,RU,Усть-Уда
УУЛ,RU,Усть-Улаган
УУР,RU,Усть-Уролка
УТС,RU,Усть-Уса
УХЙ,RU,Усть-Хайрюзово
УТЦ,RU,Усть-Цильма
УЧР,RU,Усть-Черная
УЧИ,RU,Усть-Чижапка
УСЧ,RU,Усть-Чуласа
УСУ,RU,Усугли
УТП,TH,Utapao
УХО,RU,Ухошино
УХТ,RU,Ukhta
УЧЫ,RU,Учалы
УМИ,RU,Учами
УАР,KZ,Уч-Арал [ДЖМ]
УКД,UZ,Учкудук
УШВ,RU,Ушаково
УША,RU,Ушаковский
УЧА,KZ,Уш-Арал
УШД,RU,Ушбельдир
УШТ,KZ,Уштобе
УЭН,RU,Уэлен
УЭЛ,RU,Уэлькаль
ФАК,RU,Факел
НФР,RU,Фариха
ФРК,RU,Фарково
ФЕВ,RU,Февральск
ФДС,UA,Феодосия
ФГН,UZ,Fergana
ФЕР,RU,Фершампенуаз
ФЕТ,RU,Фетинино
ФЗЛ,AZ,Физули
ФИЛ,RU,Филимоново
ФЛП,RU,Филиппово
ФЛШ,MD,Флорешты
ФШЧ,KZ,Форт-Шевченко
ФРО,RU,Фролово
ФМК,KZ,Фурмановка
ФУР,KZ,Фурманово
ХАБ,RU,Хабариха
ЧЛК,TM,Хазар
ХАН,KG,Хайдаркан
ХАИ,RU,Хайлино
ХЛК,RU,Халактырка
ХАЛ,TM,Халач
ХМЭ,RU,Хамакар
ХМР,RU,Хамра
ХМЫ,RU,Хамсара
"ХХИ,DE,""Frankfurt, Hahn"""
ХДЫ,RU,Хандыга
ХНЛ,RU,Ханкала
ХНД,AZ,Ханкенди
ХЙО,RU,Хантайское Озеро
ХАС,RU,Khanty-Mansijsk
ХГУ,RU,Харанжеено
ХРЗ,RU,Харасавей
ХБН,CN,Harbin
ХАУ,RU,Харута
ХРК,UA,Kharkov
ХРЯ,RU,Харьяга
ХАГ,RU,Харьягинский
ХВЮ,RU,Хасавюрт
ХЫК,RU,Хатырка
ХЧМ,AZ,Хачмас
ХВЯ,RU,Хвойная
ХВЙ,RU,Хвойный
ХРП,RU,Херпучи
ХРС,UA,Kherson
ХЭТ,RU,Хета
ХЛБ,RU,Хлебниково
ХМУ,UA,Хмелевое
ХМЛ,UA,Хмельник
ХВГ,TJ,Ховалинг
ХУА,RU,Хову-Аксы
ХЖЛ,AZ,Ходжалы
ХДБ,TM,Ходжамбас
ЖТУ,KZ,Ходжа-Тугай
ХЙН,BY,Хойники
ХОЛ,RU,Холм
ХОН,RU,Хонуу
ХЙВ,RU,Хорей-Вер
ХРН,RU,Хоринск
ХРГ,TJ,Хорог
ХРЛ,UA,Хорол
ХТН,UA,Хотин
ХОЭ,RU,Хоэ
ХРБ,RU,Хребтовый
ХСТ,UA,Христиновка
ХДТ,TJ,Khudzhand
ХЖР,RU,Хужир
ХЛМ,RU,Хулимсунт
ХУН,RU,Хунзах
ЦАМ,RU,Цаган-Аман
ЦАК,UA,Царичанка
ЦЛН,RU,Целинное
ЦЕН,RU,Ценогора
ЦНТ,RU,Центральный
ЦНР,RU,Центральный Рудник
ЦИМ,RU,Циммермановка
ЦИН,RU,Цингалы
ЦНО,GE,Цнори
ЦХБ,GE,Цхалтубо
ЧГУ,RU,Чагда
ЧБХ,RU,Чайбуха
ЧАК,RU,Чайковский
ЧАЛ,KZ,Чалдай
ЧПА,RU,Чапаево [ЗСУ]
ЧПВ,KZ,Чапаево [КЗХ]
ЧАП,RU,Чапаево [ЯКТ]
ЧПЛ,UA,Чаплинка
ЧПГ,RU,Чаплыгин
ЧАР,RU,Чара
ЧАД,KZ,Чардара
ЧАЗ,RU,Чарозеро
ЧШТ,TM,Чаршанга
ЧРЫ,RU,Чарышское
ЧАТ,KG,Чаткал
ЧАН,KZ,Чаян
ЧБЕ,RU,Cheboksary
ЧБГ,RU,Чебурга
ЧГД,RU,Чегдомын
ЧЛР,KZ,Челкар
ЧЛС,RU,Челюскин
ЧЛВ,KZ,Челюскинцев
ЧЕМ,RU,Чемдальск
ЧМР,UA,Чемеровцы
ЧЕП,RU,Чепец
ЧРИ,RU,Черби
ЧГР,UA,Червоноград
ЧВЯ,RU,Червянка
ЧРД,RU,Чердынь
ЧЕР,RU,Черевково
ЧРМ,RU,Черемхово
ЧРШ,RU,Черемшан
ЧНН,RU,Черменино
ЧМЗ,RU,Чермоз
ЧНЯ,RU,Черная
ЧРБ,UA,Чернобыль
ЧНГ,RU,Черногорское
ЧОС,RU,Черноостровское
ЧХИ,UA,Чернухи
ЧЕК,RU,Чернушка
ЧРК,RU,Чернышевск
ЧСМ,RU,Чесма
ЧЕХ,RU,Чехломей
ЧЕЧ,UA,Чечельник
ЧЧК,RU,Чечуйск
ЧИГ,KZ,Чиганак
ЧГН,UA,Чигирин
ЧИЖ,RU,Чижа
ЧИИ,KZ,Чиили
ЧИК,US,Chicago
ЧСЗ,RU,Чилису-Анзас
ЧИР,RU,Чиринда
ЧРЮ,RU,Чири-Юрт
ЧСТ,RU,Чистополь
ЧСП,RU,Чистополье
ЧТЙ,RU,Чистый
СХТ,RU,Chita
ЧКА,RU,Чкалов
ЧЛА,KG,Чолпон-Ата
ЧУВ,RU,Чуванское
ЧУД,RU,Чудиново
ЧУЙ,KZ,Чуйский
ЧКУ,KZ,Чулак-Курган
ЧЕВ,RU,Чулково
ЧМВ,RU,Чумаково
ЧМИ,RU,Чумикан
ЧУП,RU,Чупрово
ЧПЧ,RU,Чурапча
ЧСЕ,RU,Чусовское
ЧУХ,RU,Чухлома
ШУЗ,TJ,Шаартуз
ШАБ,RU,Шаблыкино
ШАП,RU,Шапкино
ШРА,RU,Шаранга
ШРД,UA,Шаргород
СХЙ,AE,Sharjah
ШРЫ,RU,Шарыпово
ШАР,RU,Шарья
ШТА,RU,Шатилово
ШАТ,RU,Шатрово
ШХР,UZ,Shakhrisabz
ШАХ,RU,Шахтерск
ШХТ,RU,Шахты
ШЕГ,RU,Шегмас
ШКИ,AZ,Шеки
ШЛП,RU,Шелопугино
ШЕХ,KZ,Шемонаиха
ШМШ,RU,Шемышейка
ШЕН,RU,Шенкурск
ШПТ,UA,Шепетовка
ШРЛ,RU,Шеркалы
ШВС,RU,Шиверский
ШИЙ,KZ,Шили
ЩИМ,RU,Шимановск
ШИР,RU,Шира
ШКО,RU,Широкое
ШИШ,RU,Шишмарево
ШМА,RU,Шмаковка
ШОН,RU,Шойна
ШОЛ,RU,Шола
ШОС,UA,Шостка
ШОШ,RU,Шошельцы
ШПО,UA,Шпола
ШТР,DE,Stuttgart
ШБР,KZ,Шубарколь
ШУГ,RU,Шугур
ШУМ,UZ,Шуманай
ШЛЯ,RU,Шумерля
ШМЛ,BY,Шумилино
ШМВ,RU,Шумилово
ШРШ,RU,Шурышкары
ШУШ,RU,Шушенское
ЩЛБ,RU,Щельябож
ЩЕЛ,RU,Щельяюр
ЩЕР,KZ,Щербаковский
ЫРБ,RU,Ырбан
ЫТК,RU,Ытык-Кюель
АИН,RU,Эбелях
ЭБХ,RU,Эбях
ЭВН,RU,Эвенск
ЭГТ,RU,Эгвекинот
ЭЙК,RU,Эйик
ЭМЧ,RU,Экимчан
ЭКО,RU,Эконда
ЭЛИ,RU,Elista
ЭНМ,RU,Энмелен
ЭНР,RU,Энурмино
ЭРЗ,RU,Эрзин
ЭРТ,RU,Эртиль
ЭСС,RU,Эссо
ЭХТ,RU,Эхты
ЮБН,KZ,Юбилейный
ДЮГ,RU,Юган
ЮГЛ,RU,Юган-Лзу
ЮГР,RU,Югоренок
ЮЖА,RU,Южа
ЮЖК,RU,Южно-Курильск
ЮЖХ,RU,Yuzhno-Sakhalinsk
ЮСУ,RU,Южно-Сухокумск
ЮЖЫ,RU,Южный
ЮЖЙ,KZ,Южный [КЗХ]
ЮИЛ,RU,Юильск
ЮКА,RU,Юкаменское
ЮКТ,RU,Юкта
ЮМА,RU,Юмагузино
ЮМР,RU,Юмурчен
ЮРГ,RU,Юрга
ЮРН,RU,Юрино
ЮРВ,RU,Юрьевец
ЮРП,RU,Юрьев-Польский
ЮРХ,RU,Юрюнг-Хая
ЮХТ,RU,Юхта
ЯВА,RU,Явас
ЯГР,RU,Ягурьях
ЯЗЕ,RU,Язовец
БЛЛ,DK,Billund
ЯЙВ,RU,Яйва
ЯЙЛ,RU,Яйлю
ЯКТ,RU,Yakutsk
ЯКШ,RU,Якша
ЯЛТ,UA,Ялта
ЯМБ,RU,Ямбург
ЯНЛ,RU,Янаул
ЯСА,RU,Янов Стан
ЯНА,RU,Янракыннот
ЯНЫ,KZ,Яны-Курган
ЯПС,RU,Яптик-Сале
ЯРА,RU,Яранск
ЯРЕ,RU,Яренск
ЯРК,RU,Яркино
ЯКВ,RU,Ярково
ЯРН,RU,Ярнема
ЯРЛ,RU,Yaroslavl
ЯРО,RU,Ярославский
ЯРС,RU,Яр-Сале
ЯРЦ,RU,Ярцево
ЯСН,RU,Ясный
ЯШН,RU,Яшкино
ЯЯЯ,RU,Яя
***,*,Не известный
CJU,KR,Jeju
BHX,GB,Bermingem
ACC,GH,Accra
FRY,DE,Fryeburg
KSF,DE,Kassel
RMS,DE,Remstein
ZWS,DE,Stutgard
HAD,DE,Hoellriegelskreit
BLQ,IT,Bologna
TCP,EG,Taba
DEB,HU,Debrecen
TAE,KR,Daegu
BRE,DE,Bremen
NGB,CN,Ningbo
CKG,CN,Chongqing
ERZ,TR,Erzurum
CEB,PH,Cebu
BNE,AU,Brisbane
ALP,SY,Aleppo
MYJ,JP,Matsuyama
STP,US,St. Paul
CFE,FR,Clermont-Ferrand
AMM,JO,Amman
ANK,TR,Ankara
CHC,NZ,Christchurch
BTZ,TR,Bursa
MDL,MM,Mandalay
KB,TJ,Куляб
PRN,XK,Pristina
BEY,LB,Beirut
CGQ,CN,Changchun
HLD,CN,Hailar
BND,IR,Bandar Abbas
AGR,IN,Agra
KDH,AF,Kandahar
BIQ,FR,Biarritz
НВА,RU,Новоалтайск
ЗАИ,RU,Заринск
СГЬ,RU,SLAVGOROD
REP,KH,Siem Reap
SZW,DE,Schwerin
USM,TH,Koh Samui
NMA,UZ,Namangan
НМГ,UZ,Namangan
VV,DE,Small Germany
BOD,FR,Bordo
KPO,KR,Pohang
BHY,CN,Beihai
MDG,CN,MUDANJIANG
KWE,CN,Guiyang
CMB,LK,Colombo
NHA,VN,Nha Trang
MHG,DE,Mannheim
SOB,HU,Saarmelleek
ССХ,EG,Sharm El Sheik
AXT,JP,Akita
CGO,CN,Zhengzhou
CNX,TH,CHIANG MAI
KBV,TH,KRABI
TDX,TH,Trat
THS,TH,SUKHOTHAJ
LPQ,LA,LUANG PRABANG
ATQ,IN,Amristar
CCU,IN,Kolkata
BOM,IN,Mumbai
ANC,US,Anchorage
CAS,MA,Casablanca
BIO,ES,Bilbao
CCS,VE,Caracas
ABV,NG,Abuja
ADD,ET,Addis Ababa
ALY,EG,Alexandria
ASM,ER,Asmara International
AUH,AE,Abu Dhabi
BLR,IN,Bangalore
BCD,PH,Bacolod
BGO,NO,Bergen
ABZ,GB,Aberdeen
BRS,GB,Bristol
CEI,TH,Chiang Rai
WNZ,CN,Wenzhou
PNS,US,Pensacola
BNA,US,Nashville
XIY,CN,Xianyang-Xi An
BLB,PA,Balboa
АИР,AM,Армавир
БЕВ,RU,Белово
ICT,US,Wichita
HAR,US,Harrisburg
PIA,US,Peoria
ДМТ,RU,Dmitrov
ИЗЫ,RU,Izobilny
HOQ,DE,Hof
НХЧ,AZ,Nakhichevan
NAJ,AZ,Nakhichevan
TNA,CN,JINAN
YNT,CN,YANTAI
GMP,KR,Kimpo
CNS,AU,Cairns
СЖЬ,RU,Снежинск
ADL,AU,ADELAIDE
БЛА,RU,Beslan
BEZ,KI,Beru
EKB,KZ,Ekibastuz
ЗЛД,RU,Zelenodolsk
ХГД,EG,Hurghada
ZHA,CN,Zhanjiang
ЧРВ,RU,Cherepovets
FUE,ES,FUERTEVENTURA
KMQ,JP,Komatsu
BKI,MY,Kota Kinabalu
VOZ,RU,Voronezh
BAH,BH,Bahrain
YEI,TR,Bursa
ВЕК,RU,Velikiye Luki
AXD,GR,ALEXANDROUPOLIS-DEMOKRITOS
PAD,DE,Paderborn
HTG,RU,Hatanga
CND,RO,CONSTANTA
AOI,IT,Ancona
KVA,GR,Kavala
CKH,RU,Chokurdah
ЧКД,RU,Chokurdah
KHN,CN,Nanchang
ZTH,GR,Zakinthos
WNS,PK,Nawab Shah
HMA,RU,Khanty-Mansijsk
OOL,AU,Gold coast
BLL,DK,Billund
MIG,CN,Mian Yang
AYG,CO,Yagyuara
KYA,TR,Konya
UUK,US,Kuparuk
CAG,IT,Cagliari
AGS,US,Augusta
ПШО,RU,Pushkino
TXN,CN,Tunxi
JHG,CN,Jinghong
GZT,TR,Gaziantep
BZN,US,Bozeman
BEL,BR,Belem
ГЧЖ,CN,Guangzhou
USN,KR,Ulsan
JMK,GR,Mikonos
BSK,DZ,Biskra
BAV,CN,Baotou
HET,CN,Hohhot
ACE,ES,Lanzarote
АСЕ,ES,Lanzarote
AES,NO,Aalesund
LEX,US,Lexington
LYI,CN,Linyi
XUZ,CN,Xuzhou
MYY,MY,Miri
MQM,TR,Mardin
SMI,GR,Samos
DIY,TR,Diyatbakir
OSH,US,Oshkosh
CLE,US,Cleveland
НВБ,RU,Novokujbyshevsk
SGU,US,St.George
NAT,BR,Natal
ANA,US,Anaheim
CIS,KI,Canton Island
AAR,DK,Aarhus
YIW,CN,Yiwu
CMF,FR,Chambery
RZN,RU,Ryazan
РЗН,RU,Ryazan
CEE,RU,Cherepovets
CFU,GR,Kerkyra
BRQ,CZ,BRNO
ADA,TR,Adana
ВРН,RU,Voronezh
QLI,CY,Limassoi
BWN,BN,Bandar Seri Bagawan
URT,TH,Surat Thani
VLU,RU,Velikiye Luki
IDA,US,Idaho Falls
CHQ,GR,Chania
ХАТ,RU,Hatanga
CWC,UA,Chernovtsy
BGK,BZ,Big Creek
LEY,NL,LELLYSTAD
ALC,ES,Alicante
SPL,NL,Schiphol
TYN,CN,Taiyuan
JTR,GR,Thira
ЧРЦ,UA,Chernovtsy
SZR,BG,STARA ZAGORA
BZG,PL,ВYDGОSZСZ
OVD,ES,Astutias
TLY,RU,Plastun
VAN,TR,Van
AOJ,JP,Aomori
YNJ,CN,Yanji
ALG,DZ,Algiers
BRI,IT,Bari
BOO,NO,Bodo
DYG,CN,Dayong
DNZ,TR,Denizli
MLX,TR,Malatya
DAB,US,Daytona Beach
НЧБ,RU,Novocheboksarsk
HYN,CN,Huangyan
CMX,US,Hancock
ОБЬ,RU,Ob
АРЬ,RU,Artem
TWU,MY,TAWAU
BG,BG,Bulgaria
DUC,US,Duncan
KGS,GR,Kos
CLT,US,Charlotte
CHS,US,Charleston
FMY,US,Fort Myers
ASR,TR,Kayseri
SOV,US,Seldovia
HSN,CN,Zhoushan
AAL,DK,Aalborg
TCI,ES,Tenerife
WEH,CN,Weihai
SJO,CR,SAN JOSE
SZF,TR,Samsun
OIT,JP,Oita
LCG,ES,LA  CORUNA
МТИ,RU,Mytischy
ОТР,RU,Otradny
CKC,UA,Cherkassy
HMI,CN,Hami
PED,CZ,Pardubice
SES,US,Selma
PBI,US,WEST PALM BEACH
KBR,MY,KOTA BHARU
MUX,PK,Multan
AQJ,JO,AQABA
COK,IN,Kochi
RSU,KR,Yeosu
TJU,TJ,KULYAB        
DDG,CN,Dandong
MVR,CM,MAROUA
CLJ,RO,CLUJ-NAPOCA
NPG,PG,NIPA
YIH,CN,YICHANG
NZH,CN,MANZHOULI
INC,CN,YINCHUAN
MFM,MO,MACAO
NDG,CN,QIQIHAR
MMB,JP,MEMANBETSU
XNN,CN,Xining
FKB,DE,Karlsruhe
DSN,CN,DONGSHENG
HGN,TH,Mae Hong Son
WUA,CN,WU HAI
OBO,JP,Obihiro
TKS,JP,TOKUSHIMA
PQC,VN,PHU QUOC
HIN,KR,JINJU
KGP,RU,KOGALYM
КОГ,RU,KOGALYM
XSP,SG,Seletar-Singapore
UTH,TH,UDON THANI
XJG,AU,DARWIN -RR
CBR,AU,CANBERRA
BPS,BR,PORTO SEGURO
LYA,CN,LUOYANG
ZUH,CN,Zhunai
CCJ,IN,Kozhikode
LXA,CN,LHASA
AAE,DZ,Annaba
YAK,US,Yakutat
YIN,CN,YINING
НЮН,DE,Nuremberg
ЦРХ,CH,Zurich
NTG,CN,NANTONG
PVK,GR,Preveza
KTT,FI,KITTILA
SMN,US,Salmon
DMD,AU,DOOMADGEE QLD
ТГД,ME,Podgorica
CFN,IE,Donegal
ГАФ,TJ,GAFUROV
LGS,AR,MALARGUE
КСЙ,RU,KASPYISK       
TMJ,UZ,Termez
CMH,US,COLUMBUS
PFN,PA,Panama city
YXT,CA,TERRACE
BXN,TR,Bodrum
OPF,US,Miami-opa locka
MRY,US,CARMEL-MONTEREY
BOH,GB,BOURNEMOUTH
BSB,BR,BRASILIA
ADE,YE,ADEN
LNK,US,Lincoln
CMI,US,CHAMPAIGN
OGG,US,Kanului
MDW,US,Сhicago-Midway
ABQ,US,Albuquerque
AUA,AW,Aruba
BOG,CO,Bogota
CJJ,KR,CHEONGJU
BWI,US,BALTIMORE
PLZ,ZA,PORT ELIZABETH
GEG,US,SPOKANE
DMM,SA,DAMMAM KING FAHD
RMF,EG,MARSA ALAM
AUS,US,Austin
EVV,US,EVANSVILLE
ASE,US,Aspen
ALF,NO,ALTA
FAT,US,Fresno
ZOS,CL,OSORNO
GWT,DE,Westerland
BOI,US,Boise
ORL,US,ORLANDO
HFD,US,Hartford
FWA,US,FORT WAYNE
BIL,US,Billings
FAR,US,FARGO
PLS,TC,Providenciales
VFA,ZW,Victoria Falls
DLI,VN,DA LAT
MOT,US,MINOT
BEN,LY,BENGHAZI
BTR,US,BATON ROUGE
XLS,SN,St Louis
ASQ,US,Austin
CUZ,PE,Cuzco
AQP,PE,Arequipa
LXN,US,Lexington
PDU,UY,Paysandu
MQT,US,MARQUETTE
CRD,AR,COMODORO RIVADAVIA
FTE,AR,EL CALAFATE
IGR,AR,IGUAZU
RGL,AR,RIO GALLEGOS
ROS,AR,ROSARIO
SLA,AR,SALTA
TUC,AR,TUCUMAN
USH,AR,USHUAIA
ABX,AU,ALBURY
ARM,AU,ARMIDALE
AYQ,AU,AYERS ROCK
BCI,AU,BARCALDINE
BDB,AU,BUNDABERG
BKQ,AU,BLACKALL
BLT,AU,BLACKWATER
BME,AU,BROOME
CFS,AU,COFFS HARBOUR
CTL,AU,CHARLEVILLE
DBO,AU,DUBBO
DPO,AU,DEVONPORT
EMD,AU,EMERALD
GLT,AU,GLADSTONE
GOV,AU,GOVE
HID,AU,HORN ISLAND
BFS,GB,Belfast
CGP,BD,CHITTAGONG
QBA,ME,Budva
LEP,BR,Leopoldina
LPX,LV,LIEPAJA
UST,US,ST. AUGUSTINE
PUJ,DO,PUNTA CANA
ACV,US,Arcata
PSL,UK,Perth
MZH,TR,MERZIFON
XIL,CN,XILINHOT
GCC,US,GILLETTE
AYD,AU,Alroy Downs
DOY,CN,DONGYING
BRF,UK,Bradford
RTB,HN,Roatan
BMT,US,Beaumont
QRO,MX,Queretaro
BPT,US,Jefferson
PBC,MX,Hermanos Serdan International
GCK,US,Garden City
SUX,US,Sioux
ART,US,Watertown
YKF,CA,Kitchener
MWA,US,Marion
TBN,US,Fort Leonard Wood
CGI,US,Cape Girardeau
IRK,US,Kirksville
OWB,US,Owensboro
VQS,PR,Vieques
CXI,KI,Кирибати
APW,WS,Faleolo
YKM,US,Yakima
STS,US,St.Rosa
LGB,US,Long Beach
MMH,US,Mammoth Lakes
ITO,US,HILO
ZQW,DE,Zweibrucken
YXY,US,Whitehorse
CCC,CU,Cayo Coco
SNU,CU,St.Clare
ACH,CH,Altenrhein
EUG,US,EUGENE
SLO,US,San Luis Obispo
SLZ,BR,SAO LUIZ
NQT,UK,NOTHINGHAM
QPG,SG,SIN PAYA LEBAR-SINGAPORE
RGK,RU,Горно-Алтайск
BDO,ID,Bandung
LAN,US,lansing
WOE,NL,WOENSDRECHT
BJL,GM,Banjul
AJA,FR,Ajaccio
ANE,FR,Angers
AOK,GR,Karpathos
BIA,FR,Bastia
CLY,FR,Calvi
YCU,CN,Yun Cheng
KEM,FI,Kemi/Tornio
CAL,UK,CAMPBELTOWN
BEB,UK,BENBECULA
KOI,UK,KIRKWALL
LSI,UK,SUMBURGH-SHETLAND ISLANDS
ILY,UK,ISLAY
SYY,UK,STORNOWAY
TRE,UK,TIREE ISLAND
WIC,UK,WICK
SYO,JP,SHONAI
SHB,JP,NAKASHIBETSU
DAT,CN,DATONG
CIF,CN,CHIFENG
HLN,US,HELENA
HTN,CN,HOTAN
DAX,CN,DAXIAN
LZH,CN,LIUZHOU
JDZ,CN,JINGDEZHEN
RLG,DE,ROSTOCK-LAAGE
BQN,PR,AGUADILLA
YYG,CA,CHARLOTTETOWN
YYR,CA,GOOSE BAY
YWK,CA,WABUSH
YTS,CA,TIMMINS
YKA,CA,KAMLOOPS
YXJ,CA,FT. ST. JOHN
YCD,CA,NANAIMO
YPR,CA,PRINCE RUPERT
YMM,CA,FT. MCMURRAY
YZP,CA,SANDSPIT
YGP,CA,GASPE
ZBF,CA,BATHURST
YVO,CA,VAL D'OR
YDF,CA,DEER LAKE
YBC,CA,BAIE COMEAU
BGF,CF,BANGUI
DNH,CN,DUNHUANG
BGM,US,BINGHAMTON
FSD,US,SIOUX FALLS
ILM,US,WILMINGTON
AVL,US,ASHEVILLE
ITH,US,ITHACA
FAY,US,FAYETTEVILLE
ATW,US,APPLETON
CAK,US,AKRON
BKO,ML,BAMAKO
FSC,FR,FIGARI
CAY,GF,CAYENNE
LJG,CN,LIJIANG CITY
ENH,CN,ENSHI
PHF,US,NEWPORT NEWS
EXT,UK,EXETER
BAY,RO,BAIA MARE
SUJ,RO,SATU MARE
ZSE,RE,ST. PIERRE DE LA REUNION
MXL,MX,MEXICALI
MLB,US,MELBOURNE
OAK,US,OAKLAND
RAP,US,RAPID CITY
BQK,US,BRUNSWICK
EWN,US,NEW BERN
MSO,US,MISSOULA
VLD,US,VALDOSTA
PSC,US,PASCO
OAJ,US,JACKSONVILLE
KTN,US,KETCHIKAN
REL,AR,TRELEW
BET,US,BETHEL
ADQ,US,KODIAK
BRW,US,BARROW
SCC,US,PRUDHOE BAY
PSG,US,PETERSBURG
WRG,US,WRANGELL
OTZ,US,KOTZEBUE
OME,US,NOME
ADK,US,ADAK ISLAND
DLH,US,DULUTH
NSY,IT,NAS SIGONELLA
BES,FR,BREST
AHO,IT,ALGHERO
GLE,US,GAINESVILLE
KOW,CN,GANZHOU
FYV,US,FAYETTEVILLE
CHR,FR,CHATEAUROUX
PGV,US,GREENVILLE
TGO,CN,TONGLIAO
EBL,IQ,Erbil
VII,VN,VINH CITY
CBP,PT,COIMBRA
BUF,US,BUFFALO
ELM,US,ELMIRA
ТИЬ,IT,Treviso
YTY,CN,Yangzhou Taizhou
GPA,GR,PATRAS
NDF,AO,NDALATAANDOS
HDF,DE,HERINGSDORF
JSI,GR,SKIATHOS
JNX,GR,NAXOS
KLX,GR,KALAMATA
MJT,GR,MYTILENE
UIP,FR,QUIMPER
URE,EE,KURESSAARE
VOL,GR,VOLOS
SRG,BO,SAN BORJA
BTM,US,butte
OHH,RU,OKHA
OLP,AU,Olympic Dam
HIA,CN,Huaian
AAT,CN,ALTAY
EZV,RU,BEREZOVO
MOD,US,MODESTO
IXY,IN,KANDLA
BPN,ID,BALIKPAPAN
ALO,US,WATERLOO
BDS,IT,Brindisi
NBE,TN,Enfidha
GPS,EC,Galapagos Is
NJF,IQ,NAJAF
VAS,TR,Sivas
AGA,MA,AGADIR-ALMASSIRA
NOC,IE,KNOCK
WAT,IE,WATERFORD
BLK,UK,BLACKPOOL
NVI,UZ,NAVOI
AXM,CO,ARMENIA
SMR,CO,SANTA MARTA
MLN,ES,MELILLA
IXJ,IN,JAMMU
HNO,ME,HERCEGNOVI
BRA,IR,Bandar-Abbas
BRK,RU,Borisoglebsk
BZM,RU,Bezymyanka
CHD,IN,Chandigar
ELC,AU,Elcho Island
XIC,CN,Xichang
NYA,RU,Nyagan
OVS,RU,Sovetsky
BVV,RU,BUREVESTNIK
MDF,US,MEDFORD
ИБЗ,ES,Ibiza
ЛНС,US,Lancaster
ЙМУ,CN,JIAMUSI
GNL,US,Grinnell
ROR,PW,KOROR
GAY,IN,GAYA
HUI,VN,HUE
YNZ,CN,Yancheng
WUX,CN,Wuxi
AUW,US,WAUSAU
CUC,CO,CUCUTA
EYK,RU,BELOYARSKY
PLO,AU,Port Lincoln
CRK,PH,LUZON IS./CLARK FIELD
CGB,BR,Cuiaba
BTV,US,BURLINGTON
TXG,TW,Taichung
ISU,IQ,SULAYMANIYAH
"BBO,SO,""Berbera, Somalia"""
SVW,US,SPARREVOHN
OBN,UK,Oban
ULK,RU,Lensk
VCS,VN,Con Dao
KPB,US,POINT BAKER
RUV,GT,RUBELSANTO
ISP,US,LONG IS. MACARTHUR
OCV,CO,OCANA
SBX,US,SHELBY
SEW,EG,SIWA
LBE,US,LATROBE
OGD,US,OGDEN
LIV,US,LIVENGOOD
TIC,MH,TINAK
ELS,ZA,EAST LONDON
RDM,US,REDMOND
GRI,US,GRAND ISLAND
MLM,MX,MORELIA
ZCL,MX,ZACATECAS
BLI,US,BELLINGHAM
SUN,UA,SUN VALLEY-HAILEY
SCY,EC,SAN CRISTOBAL
MAZ,PR,MAYAGUEZ
UIN,US,QUINCY
HUX,MX,HUATULCO
CYO,CU,CAYO LARGO DEL SUR
AZS,DO,SAMANA
DGO,MX,DURANGO
OAX,MX,OAXACA
SLW,MX,SALTILLO
YWL,CA,WILLIAMS LAKE
YQZ,CA,QUESNEL
YQQ,CA,COMOX
YBL,CA,CAMPBELL RIVER
YQF,CA,RED DEER
YXH,CA,MEDICINE HAT
YQU,CA,GRANDE PRAIRIE
YYD,CA,SMITHERS
YGR,CA,ILES DE MADELEINE
KBD,AU,KIMBERLEY DOWNS
VEL,US,VERNAL
LBL,US,LIBERAL
HYS,US, HAYS
GBD,US,GREAT BEND
CEZ,US,CORTEZ
ALS,US,ALAMOSA
LBF,US,NORTH PLATTE
EAR,US,KEARNEY
BFF,US,SCOTTSBLUFF
FMN,US,FARMINGTON
AIA,US,ALLIANCE
SOW,US,SHOW LOW
SHR,US,SHERIDAN
WRL,US,WORLAND
VIS,US,VISALIA
MCE,US,MERCED
IGM,US,KINGMAN
PGA,US,PAGE
PRC,US,PRESCOTT
CNY,US,MOAB
TEX,US,TELLURIDE
RNB,SE,RONNEBY
ZTF,US,STAMFORD RAILWAY
NVT,BR,NAVEGANTES
ATM,BR,ALTAMIRA
MAB,BR,MARABA
THE,BR,TERESINA
LNB,VU,LAMEN BAY
FRG,US,LONG ISLAND REPUBLIC
JOG,ID,YOGYAKARTA
SRT,UG,SOROTI
SGT,US,STUTTGART
DWC,AE,Al-Maktoum
QPA,IT,Padova
AME,MZ,ALTO MOLOCUE
HUN,TW,HUALIEN
IAG,US,NIAGARA FALLS
IFN,IR,ISFAHAN
IGA,BS,INAGUA
ILD,ES,LLEIDA
IXM,IN,MADURAI
JAL,MX,JALAPA
JGN,CN,JIAYUGUAN
JHM,US,KAPALUA
JNG,CN,JINING
JST,US,JOHNSTOWN
KJH,CN,HUANG PING
KSA,FM,KOSRAE
KWA,MH,KWAJALEIN
LAQ,LY,BEIDA
LAR,US,LARAMIE
LBP,MY,LONG BANGA
LCJ,PL,LODZ
RCB,ZA,RICHARDS BAY
CEQ,FR,CANNES
MRC,US,COLUMBIA
AAA,PF,ANAA
LBN,KE,LAKE BARINGO
YKK,CA,KITKATLA
TGK,RU,TAGANROG
RFK,US,ANGUILLA
PFQ,IR,PARSABAD
DEE,RU,YUZHNO-KURILSK
MCU,FR,MONTLUCON
DMU,IN,DIMAPUR
VCL,VN,CHU LAI
WVB,NA,WALVIS BAY
BBI,IN,BHUBANESWAR
UDE,NL,UDEN
LTM,GY,LETHEM
ИДЖ,AM,Иджеван
TMM,MG,TAMATAVE
BHJ,IN,BHUJ
EBN,IS,EBADON
ДМО,RU,Домодедово
БДК,RU,Бердск
MNR,ZM,MONGU
CHF,KR,JINHAE
IKL,CD,IKELA
BJC,US,BROOMFIELD
YKG,CA,KANGIRSUK
KHX,MN,KHUJIRT
YSK,CA,SANIKILUAQ
ИСШ,TJ,Истаравшан
TYM,BS,STANIEL CAY
PPS,PH,PUERTO PRINCESA
ABN,SR,ALBINA
PTG,ZA,POLOKWANE
LKA,ID,LARANTUKA
LRR,IR,LAR
NUD,SD,EN NAHUD
BIK,ID,BIAK
ENN,US,NENANA
SYW,PK,SEHWEN SHARIF
ALV,AD,ANDORRA LA VELLA
SIO,AU,SMITHTON
NUC,US,SAN CLEMENTE ISLAND
PRV,CZ,PREROV
БЧК,RU,Белореченск
CYX,RU,Черский
UEN,RU,Urengoy
BYU,DE,BAYREUTH
BKT,US,BLACKSTONE
PFC,US,PACIFIC CITY
LEE,US,LEESBURG
НБС,RU,Nizhniy Bestyakh
БТЫ,RU,Batagay-Alyta
LAC,MY,PULAU LAYANG-LAYANG
APT,US,JASPER
ATA,PE,HUARAZ
KBO,CG,KABALO
RME,US,ROME
VPG,KE,VIPINGO
MUD,MZ,MUEDA
AAO,VE,ANACO
SUP,ID,SUMENEP
ХОЬ,RU,KHOMSK
DNC,CI,DANANE
IRM,RU,Igrim
VRB,US,VERO BEACH
ИЗЧ,RU,Izluchinsk
ПЯХ,RU,Pyt Jakh
ЮГО,RU,Yugorsk
ЗПЬ,RU,Zapolyarnyj
ПДЫ,RU,Pangody
ГБЬ,RU,Gubkinskij
МУЛ,RU,Muravlenko
НЗП,RU,Novozapolyarnyj
ПВХ,RU,Pravokhettinskiy
ПЗЙ,RU,Priozerny 
ПУЬ,RU,Purpe
ЯГЛ,RU,Yagelnyj
BOZ,CF,BOZOUM
ЛАП,RU,Langepas
ПОЙ,RU,Poykovskiy
СОС,RU,Sosnovka
ЛЫХ,RU,Lykhma
ВХЫ,RU,Верхнеказымский
EVM,US,EVELETH
DMN,US,DEMING 
SME,US,SOMERSET
ABS,EG,ABU SIMBEL
KED,MR,KAEDI
TNU,US,NEWTON
MUK,CK,MAUKE
TUJ,ET,TUM
ZKN,DK,MAIN RR-SKIVE
KNZ,ML,KENIEBA
AWE,GA,ALOWE
SUO,US,SUN RIVER
UGA,MN,BULGAN
URG,BR,URUGUAIANA
LBS,FJ,LABASA
TBD,CO,TIMBIQUI
POL,MZ,PEMBA     
JUB,SS,JUBA
MOQ,MG,MORONDAVA
FLF,DE,FLENSBURG
XJK,LT,KLAIPEDA/PALANGA BUS STN
SNX,DO,SABANA DE LA MAR
KPA,PG,KOPIAGO
KIC,US,KING CITY
OVG,ZA,OVERBERG
TJA,BO,TARIJA
ABK,ET,KABRI DAR
NTQ,JP,WAJIMA - NOTO AIRPORT
RRG,MU,RODRIGUES IS.
TVU,FJ,TAVEUNI
THU,GL,PITUFFIK
BNX,BA,BANJA LUKA
KDV,FJ,KANDAVU
ZWE,BE,ANTWERP CENTRAL RAILWAY STN
LKH,MY,LONG AKAH
TGG,MY,KUALA TERENGGANU
GOQ,CN,GOLMUD
BKG,US,BRANSON
PSZ,BO,PUERTO SUAREZ
VBV,FJ,VANUABALAVU
AEY,IS,AKUREYRI
TMU,CR,TAMBOR
WKA,NZ,WANAKA
FUJ,JP,FUKUE
PDG,ID,PADANG
ICI,FJ,CICIA
LKB,FJ,LAKEBA
RTA,FJ,ROTUMA
KTE,MY,KERTEH
AOR,MY,ALOR SETAR
BTH,ID,BATAM
HRI,LK,HAMBANTOTA
YNB,SA,YANBU
TUU,SA,TABUK
CAB,AO,CABINDA
SSY,AO,M'BANZA CONGO
ILG,US,WILMINGTON
LYC,SE,LYCKSELE
WRN,AU,WINDARLING
AIY,US,ATLANTIC CITY
AGT,PY,CIUDAD DEL ESTE
AHN,US,ATHENS
AIT,CK,AITUTAKI
AJR,SE,ARVIDSJAUR
ANM,MG,ANTALAHA
AOO,US,ALTOONA
APL,MZ,NAMPULA
ARA,US,NEW IBERIA
ATY,US,WATERTOWN
ATZ,EG,ASSIUT
AWZ,IR,AHWAZ
AXP,BS,SPRING POINT
BBN,MY,BARIO
BIM,BS,BIMINI
BKM,MY,BAKALALAN
BKW,US,BECKLEY
BLZ,MW,BLANTYRE
BMV,VN,BUON MA THUOT
BOY,BF,BOBO DIOULASSO
BQJ,RU,BATAGAY
BSD,CN,BAOSHAN
"BWK,HR,""BOL, BRAC ISLAND"""
CBB,BO,COCHABAMBA
CCK,ID,COCOS-KEELING IS.
ERA,SO,ERIGAVO
KII,PG,KIBULI
KJU,PG,KAMIRABA
CIC,US,CHICO
CJB,IN,COIMBATORE
CJF,AU,COONDEWANNA
CKB,US,CLARKSBURG
CLQ,MX,COLIMA
CRI,BS,CROOKED ISLAND
CVM,MX,CIUDAD VICTORIA
CYS,US,CHEYENNE
CZS,BR,CRUZEIRO DO SUL
DIE,MG,ANTSIRANANA
DIG,CN,DIQING
DIL,TL,DILI
DIN,VN,DIEN BIEN PHU
EAU,US,EAU CLAIRE
ENY,CN,YAN'AN
FKS,JP,FUKUSHIMA
FON,CR,FORTUNA
FTU,MG,FT. DAUPHIN
GEV,SE,GALLIVARE
GLF,CR,GOLFITO
GMZ,ES,SAN SEBAS
GRJ,ZA,GEORGE
GXF,YE,SEIYUN
GYL,AU,ARGYLE
HAC,JP,HACHIJO JIMA ISLAND
HMB,EG,SOHAG
HMV,SE,HEMAVAN
HNA,JP,HANAMAKI
TQL,RU,Tarko-Sale
TOD,MY,TIOMAN
KIF,CA,KINGFISHER LAKE
ABU,ID,ATAMBUA
QSR,IT,SALERNO
EPK,CY,EPISKOPI
LVA,FR,LAVAL
GVN,RU,SOVETSKAYA GAVAN
EKS,RU,SHAKHTERSK
GYR,US,Goodyer
VGA,IN,VIJAYAWADA
VGG,LA,VANGRIENG
KIB,US,IVANOF BAY
YKX,CA,KIRKLAND LAKE
MCQ,HU,MISKOLC
SXV,IN,SALEM
DST,US,dst
ITK,PG,ITOKAMA
PGZ,BR,PONTA GROSSA
STF,AU,STEPHEN ISLAND
TAH,VU,TANNA ISLAND
SIF,NP,SIMRA
KGC,AU,KINGSCOTE
ЛЯН,RU,Лянтор
TBC,US,TUBA CITY
MRW,DK,MARIBO
POV,SK,PRESOV
KEK,US,EKWOK
GSC,AU,GASCOYNE JUNCTION
ПБЬ,RU,Приобье
САЬ,RU,Salym
ЗЯП,RU,Zapolyarnyj
КГО,RU,Krasnogorsk
GOK,US,GUTHRIE
СБЦ,RU,Сибирцево
MEV,US,MINDEN
NYN,AU,NYNGAN
SOP,US,PINEHURST
BUX,CD,BUNIA
RPV,AU,ROPER VALLEY
HPH,VN,HAI PHONG
AAS,ID,APALAPSILI
UTS,RU,UST-TSILMA
СВК,RU,Североморск
ANS,PE,ANDAHUAYLAS
ACL,CO,AGUACLARA
BSQ,US,Bisbee
МИС,RU,Миасс
ЗВН,RU,Звенигород
КБР,RU,Кабардинка
RUY,HN,COPAN
ССГ,RU,Сосногорск
INA,RU,INTA
PSU,ID,PUTUSSIBAU
ЖУК,RU,Zhukovskij
XXX,RU,XXX
PGR,US,PARAGOULD
SNW,MM,THANDWE
BAZ,BR,BARCELOS
SLI,ZM,SOLWEZI
PJS,US,PORT SAN JUAN
UKT,US,QUAKERTOWN
DES,SC,Desroches Island 
КСФ,RU,Красное Село
ВЖК,RU,Всеволожск
ЧКЕ,RU,Черкесск
KUG,AU,KUBIN ISLAND
CII,TR,AYDIN-CILDIR
ELB,CO,EL BANCO
DDM,PG,DODOIMA
NOV,AO,HUAMBO
LLB,CN,LIBO CITY
RAS,IR,RASHT
LDB,BR,LONDRINA
GUD,ML,GOUNDAM
YKD,CA,KINCARDINE
ENV,US,WENDOVER
IWK,CA,Wales
CGR,BR,CAMPO GRANDE
MCZ,BR,MACEIO
CDR,US,CHADRON
PIR,US,PIERRE
HON,US,HURON
MCK,US,MC COOK
PUB,US,PUEBLO
RIW,US,RIVERTON
DDC,US,DODGE CITY
AVA,CN,AN SHUN
BLD,US,BOULDER CITY
YKC,CA,COLLINS BAY
AED,US,ALENEVA
YFA,CA,FORT ALBANY
BAC,CO,BARRANCA DE UPIA
АЛЬ,RU,Альметьевск
ЖГИ,RU,Zheleznogorsk-Ilimskij
ЗГК,RU,Zelenogorsk
ЛСБ,RU,Lesosibirsk
СВО,RU,Sosnovoborsk
ЧГС,RU,Chernogorsk
CCO,CO,CARIMAGUA
CGH,BR,SAO CONGONHAS-SAO PAULO
BJD,IS,BAKKAFJORDUR
ASH,US,NASHUA
ЕЛИ,RU,Елизово
ARE,PR,ARECIBO
NKS,CM,NKONGSAMBA
MUN,VE,MATURIN
LVD,US,LIME VILLAGE
ONS,AU,ONSLOW
PMS,SY,PALMYRA
SER,US,SEYMOUR
OMD,NA,ORANJEMUND
XJS,AT,KITZBUEHL RAIL STN
ЖДР,RU,Железнодорожный
РБН,RU,Рыбинск
STE,US,STEVENS POINT
СОР,RU,Sorsk
UKS,RU,Sevastopol
KUV,KR,GUNSAN
TOJ,ES,TORREJON AFB
JKL,GR,KALYMNOS ISLAND
PAZ,CO,PAZ DE ARIPORO
KYF,AU,YEELIRRIE
KNB,US,KANAB
СКЬ,RU,Саки
RBR,BR,RIO BRANCO
MGF,BR,MARINGA
AAX,BR,ARAXA
POJ,BR,PATOS DE MINAS
TFF,BR,TEFE
RIA,BR,SANTA MARIA
PMW,BR,PALMAS
AUX,BR,ARAGUAINA
RVD,BR,RIO VERDE
ARU,BR,ARACATUBA
IZA,BR,JUIZ DE FORA
XRF,FR,MARSEILLE
BNK,AU,BALLINA
NSN,NZ,NELSON
DCN,AU,DERBY
VDC,BR,VITORIA DA CONQUISTA
PFB,BR,PASSO FUNDO
OPS,BR,SINOP
AFL,BR,ALTA FLORESTA
BVH,BR,VILHENA
OAL,BR,OAL
FEN,BR,FERNANDO DE NORONHA
AJU,BR,ARACAJU
LEC,BR,LENCOIS
JPA,BR,JOAO PESSOA
CKS,BR,CARAJAS
CIZ,BR,COARI
PIN,BR,PARINTINS
MCP,BR,MACAPA
SJP,BR,SAO JOSE DO RIO PRETO
ERN,BR,EIRUNEPE
BVB,BR,BOA VISTA
TMT,BR,TROMBETAS
ITB,BR,ITAITUBA
CPV,BR,CAMPINA GRANDE
CFB,BR,CABO FRIO
TUR,BR,TUCURUI
CCM,BR,CRISCUMA
BYO,BR,BONITO
JDO,BR,JUAZEIRO DO NORTE
DOU,BR,DOURADOS
MII,BR,MARILIA
"PAV,BR,""PAULO AFONSO,"""
AQA,BR,ARARAQUARA
CXJ,BR,CAXIAS DO SUL
PPB,BR,PRESIDENTE PRUDENTE
UBA,BR,UBERABA
CAC,BR,CASCAVEL
TJL,BR,TRES LAGOAS
JPR,BR,JI-PARANA
IOS,BR,ILHEUS
XAP,BR,CHAPECO
CLV,BR,CALDAS NOVAS
ROO,BR,RONDONOPOLIS
IMP,BR,IMPERATRIZ
XPJ,FR,MONTPELLIER RR
XIZ,FR,REIMS CHAMPAGNE RAILWAYS STN
XZN,FR,AVIGNON
EPR,AU,ESPERANCE
ALH,AU,ALBANY
UPG,ID,MAKASSAR
TST,TH,TRANG
CMG,BR,CORUMBA
PLN,US,PELLSTON
ISN,US,WILLISTON
HIB,US,HIBBING
ABR,US,ABERDEEN
FCA,US,KALISPELL/GLACIER NATL PK
DHN,US,DOTHAN
BVE,FR,BRIVE-LA-GAILLARDE
ANR,BE,ANTWERP-BRUSSELS NORTH
TLN,FR,TOULON
DLE,FR,DOLE
EBU,FR,ST. ETIENNE
LAI,FR,LANNION
RDZ,FR,RODEZ
AUR,FR,AURILLAC
AGF,FR,AGEN
DCM,FR,MAZAMET AIRPORT-CASTRES
ABY,US,ALBANY
LRH,FR,LA ROCHELLE
EGC,FR,BERGERAC
AHB,SA,ABHA
GIZ,SA,JAZAN
HAS,SA,HAIL
XWG,FR,STRASBOURG RAILWAY STATION
XZI,FR,METZ
VAF,FR,VALENCE
XZV,FR,TOULON TGV STATION
PIS,FR,POITIERS
DZA,XM,DZAOUDZI
KIS,KE,KISUMU
MTT,MX,MINATITLAN
TGZ,MX,TUXTLA GUTIERREZ
CJS,MX,CIUDAD JUAREZ
PUW,US,PULLMAN
NBS,CN,BAISAN
PNL,IT,PANTELLERIA
LMP,IT,LAMPEDUSA
ETZ,FR,METZ/NANCY
BJA,DZ,BEJAIA
QSF,DZ,SETIF
BLJ,DZ,BATNA
CFK,DZ,CHLEF
LOO,DZ,LAGHOUAT
MUW,DZ,MASCARA
TID,DZ,TIARET
CBH,DZ,BECHAR
AZR,DZ,ADRAR
TIN,DZ,TINDOUF
TMX,DZ,TIMIMOUN
HME,DZ,HASSI MESSAOUD
IAM,DZ,IN AMENAS
TMR,DZ,TAMANRASSET
ELU,DZ,EL OUED
KRD,AU,KURUNDI
AVN,FR,AVIGNON
BUB,US,BURWELL
SMW,MA,SMARA
KGA,CD,KANANGA
NAK,TH,NAKHON RATCHASIMA
DMT,BR,DIAMANTINO
DEM,ET,DEMBIDOLLO
AUG,US,AUGUSTA
LLK,AZ,Lankaran
DMR,YE,DHAMAR
MIW,US,MARSHALLTOWN
SCG,AU,SPRING CREEK
LWS,US,LEWISTON
NUS,*,NORSUP
GOL,US,GOLD BEACH
YKT,CA,KLEMTU
IKE,GL,IKERASAK
MSK,BS,MASTIC POINT
PEL,LS,PELANENG
LNR,US,LONE ROCK
AFS,UZ,ZARAFSHAN
MOE,MM,MOMEIK
YMK,RU,MYS KAMENNYY
PRK,ZA,PRIESKA
CYE,US,CRYSTAL LAKE
PZU,SD,PORT SUDAN
STV,IN,SURAT
КСА,RU,Корсаков
LCC,IT,LECCE
DIK,US,DICKINSON
JDF,BR,JUIZ DE FORA
MEA,BR,MACAE
GVR,BR,GOVERNADOR VALADARES
PVH,BR,PORTO VELHO
INZ,DZ,IN SALAH
TGR,DZ,TOUGGOURT
MZW,DZ,MECHRIA
VVZ,DZ,ILLIZI
ELG,DZ,EL GOLEA
BMW,DZ,BORDJ BADJI MOKHTAR
EBH,DZ,EL BAYADH
DHM,IN,DHARAMSALA
BTJ,ID,BANDA ACEH
BTU,MY,BINTULU
CME,MX,CIUDAD DEL CARMEN
HOB,US,HOBBS
CLD,US,CARLSBAD
ADZ,CO,SAN ANDRES IS.
MTR,CO,MONTERIA
TDD,BO,TRINIDAD
REX,MX,REYNOSA
"BRR,UK,""BARRA, HEBRIDES IS."""
MSE,UK,MANSTON
TAP,MX,TAPACHULA
LAP,MX,LA PAZ
CEN,MX,CIUDAD OBREGON
LMM,MX,LOS MOCHIS
CPE,MX,CAMPECHE
NLD,MX,NUEVO LAREDO
TLC,MX,TOLUCA
RHD,AR,RIO HONDO
MDQ,AR,MAR DEL PLATA
RES,AR,RESISTENCI
CNQ,AR,CORRIENTES
CTC,AR,CATAMARCA
EQS,AR,ESQUEL
CPC,AR,SAN MARTIN DE LOS ANDES
FMA,AR,FORMOSA
GST,US,GUSTAVUS
BHI,AR,BAHIA BLANCA
CDV,US,CORDOVA
AKN,US,KING SALMON
DLG,US,DILLINGHAM
EAT,US,WENATCHEE
ALW,US,WALLA WALLA
NDR,MA,NADOR
BHB,US,BAR HARBOR
UNK,US,UNALAKLEET
SDP,US,SAND POINT
CDB,US,COLD BAY
PBG,US,PLATTSBURGH INTL AP
DUT,US,DUTCH HARBOR
TTN,US,TRENTON
SNP,US,ST. PAUL ISLAND
VBY,SE,VISBY
THN,SE,TROLLHATTAN
AGH,SE,HELSINGBORG
OZZ,MA,OUARZAZATE
VIL,MA,DAKHLA
JFR,GL,PAAMIUT
HOF,SA,ALAHSA
SFJ,GL,KANGERLUSSUAQ
JAV,GL,ILULISSAT
JSU,GL,MANIITSOQ
JUV,GL,UPERNAVIK
JHS,GL,SISIMIUT
ANX,NO,ANDENES
RDB,US,RED DOG
JQA,GL,QAARSUT
MPN,FK,MOUNT PLEASANT
GLN,MA,GOULIMIME
AHU,MA,AL HOCEIMA-CHARIF AL IDRISSI
TTA,MA,TAN TAN
TTU,MA,TETUAN
ESU,MA,ESSAOUIRA
MEC,EC,MANTA
JZH,CN,SONG PAN
RCH,CO,RIOHACHA
OCC,EC,COCA
SMX,US,SANTA MARIA
UIB,CO,QUIBDO
APO,CO,APARTADO
NVA,CO,NEIVA
PCR,CO,PUERTO CARRENO
PDA,CO,PUERTO INIRIDA
LET,CO,LETICIA
VUP,CO,VALLEDUPAR
EJA,CO,BARRANCABERMEJA
PSO,CO,PASTO
PPN,CO,POPAYAN
EYP,CO,EL YOPAL
IBE,CO,IBAGUE
VVC,CO,VILLAVICENCIO
TCO,CO,TUMACO
MZL,CO,MANIZALES
GZP,TR,GAZIPASA
SVL,FI,SAVONLINNA
CIY,IT,COMISO
LXS,GR,LIMNOS
WCA,CL,CASTRO
VDE,ES,VALVERDE
TIU,NZ,TIMARU
TUO,NZ,TAUPO
WHK,NZ,WHAKATANE
KAT,NZ,KAITAIA
MBE,JP,MONBETSU
WAG,NZ,WANGANUI
HKK,NZ,HOKITIKA
NPE,NZ,NAPIER-HASTINGS
CBG,UK,CAMBRIDGE
TNO,CR,TAMARINDO
RHI,US,RHINELANDER
ASW,EG,ASWAN
NPL,NZ,NEW PLYMOUTH
PPQ,NZ,PARAPARAUMU
KIT,GR,KITHIRA
LEA,AU,LEARMONTH
TIF,SA,TAIF
MRA,LY,MISURATA
ELQ,SA,GASSIM
JSY,GR,SYROS ISLAND
KZS,GR,KASTELORIZO
PAS,GR,PAROS
KSJ,GR,KASOS ISLAND
JSH,GR,SITIA
CFR,FR,CAEN
SNR,FR,ST. NAZAIRE
NQY,UK,NEWQUAY
DSA,UK,DONCASTER
UKA,KE,UKUNDA
JEG,GL,AASIAAT
VHM,SE,VILHELMINA
KUS,GL,KULUSUK
BDU,NO,BARDUFOSS
CNP,GL,NEERLERIT INAAT
WJR,KE,WAJIR
LAU,KE,LAMU
MYD,KE,MALINDI
MRE,KE,MARA LODGES
TOP,US,TOPEKA
CPR,US,CASPER
PXM,MX,PUERTO ESCONDIDO
LZC,MX,LAZARO CARDENAS
PSE,PR,PONCE
ORH,US,WORCESTER
RLK,CN,BAYANNAOER
CMW,CU,CAMAGUEY
NDE,KE,MANDERA
NAQ,GL,QAANAAQ
BNT,PG,BUNDI
SLL,OM,SALALAH
BUG,AO,BENGUELA
KHC,UA,KERCH
TNS,CA,TUNGSTEN
SRW,US,SALISBURY
SEP,US,STEPHENVILLE
LIA,CG,LODJA
GYG,RU,MAGAN
AAM,ZA,MALA MALA
AVX,US,CATALINA IS
KKA,US,KOYUK
ASV,KE,AMBOSELI
CEL,BS,CAPE ELEUTHERA
NCJ,AR,SUNCHALES
YJS,KP,SAMJIYON
CEC,US,CRESCENT CITY
SHP,CN,QINHUANGDAO
OGX,DZ,OUARGLA 
RAD,GB,Road Town
SKT,PK,SIALKOT
BTC,LK,BATTICALOA
MOL,NL,MOLDE
FEB,NP,SANFEBAGAR
BZO,IT,BOLZANO
WEF,CN,WEIFANG
HKV,BG,HASKOVO
ASD,BS,ANDROS TOWN
КСП,RU,Кингисепп
ALL,IT,ALBENGA
NOD,DE,NORDEN
BZY,MD,BELTSY
OZG,MA,ZAGORA
МГЯ,RU,Маган
PRR,GY,PARUIMA
YUM,US,YUMA
BFL,US,BAKERSFIELD
FLG,US,FLAGSTAFF
ACK,US,NANTUCKET
ABE,US,ALLENTOWN
AVP,US,WILKES-BARRE/SCRANTON
FLO,US,FLORENCE
MVY,US,MARTHA'S VINEYARD
LYH,US,LYNCHBURG
SWF,US,NEWBURGH
HHH,US,HILTON HEAD ISLAND
HTS,US,HUNTINGTON
IPT,US,WILLIAMSPORT
SBY,US,SALISBURY
EFL,GR,KEFALLINIA
PRI,SC,PRASLIN IS.
SJK,BR,SAO JOSE DOS CAMPOS
ZSA,BS,SAN SALVADOR
BJM,BI,BUJUMBURA
JOI,BR,JOINVILLE
UDI,BR,UBERLANDIA
MOC,BR,MONTES CLAROS
CAW,BR,CAMPOS
BHE,NZ,BLENHEIM
KKE,NZ,KERIKERI
ТЗД,TJ,Турсунзаде
МЫС,RU,Мыски
БЗЙ,RU,Березовский
PEF,DE,PEENEMUENDE
APR,PG,APRIL RIVER
KUD,MY,KUDAT
UYN,CN,YULIN
HLH,CN,ULANHOT
CHG,CN,CHAOYANG
ZYI,CN,ZUNYI
JGS,CN,JI'AN
FUG,CN,FUYANG
KRL,CN,KORLA
CVQ,AU,CARNARVON
WLP,AU,WEST ANGELAS
BYP,AU,BARIMUNYA
DCY,CN,DAOCHENG
CFG,CU,CIENFUEGOS
IKI,JP,IKI
AKU,CN,AKSU 
LZY,CN,LIN ZHI
NAO,CN,NANCHONG
PZI,CN,PAN ZHI HUA
TNN,TW,TAINAN
BVC,CV,BOA VISTA
DLU,CN,DALI CITY
OCM,AU,BOOLGEEDA
TWF,US,TWIN FALLS
PAG,PH,PAGADIAN
IWJ,JP,IWAMI
MXZ,CN,MEIXIAN
BYC,BO,YACUIBA
PUU,CO,PUERTO ASIS
MZO,CU,MANZANILLO
WKJ,JP,WAKKANAI
CNJ,AU,CLONCURRY
BYM,CU,BAYAMO
BCA,CU,BARACOA
NNY,CN,NANYANG
HJJ,CN,ZHI JIANG
OHE,CN,GU-LIAN RAIL STN MOHE
BFN,ZA,BLOEMFONTEIN
HSG,JP,SAGA
KCA,CN,KUQA
TSJ,JP,TSUSHIMA
MXX,SE,MORA
CNC,AU,COCONUT ISLAND
KRF,SE,KRAMFORS
SSM,US,SAULT STE.MARIE
ESC,US,ESCANABA
APN,US,ALPENA
BJI,US,BEMIDJI
BRD,US,BRAINERD
CDC,US,CEDAR CITY
EKO,US,ELKO
RKS,US,ROCK SPRINGS
WYS,US,WEST YELLOWSTONE
IMT,US,IRON MOUNTAIN
INL,US,INTL FALLS
PIH,US,POCATELLO
COD,US,CODY/YELLOWSTONE
MQX,ET,MAKALE
SHC,ET,INDASELASSIE
WRE,NZ,WHANGAREI
WSZ,NZ,WESTPORT
BJR,ET,BAHAR DAR
LLI,ET,LALIBELA
GDQ,ET,GONDAR
AXU,ET,AXUM
JIM,ET,JIMMA
ASO,ET,ASOSA
GMB,ET,GAMBELA
JIJ,ET,JIJIGA
GDE,ET,GODE/IDDIDOLE
QXB,FR,AIX EN PROVENCE RAIL
SVU,FJ,SAVUSAVU
УЧБ,RU,Uchebny
VAT,MG,VATOMANDRY
ETS,US,ENTERPRISE
BUC,AU,BURKETOWN
CVO,US,ALBANY/CORVALLIS
FRO,NO,FLORO
EIK,RU,EISK
ZNF,DE,Hanau
GBB,AZ,GABALA
KYS,ML,KAYES
DMO,US,SEDALIA
HTL,US,HOUGHTON
YRS,CA,RED SUCKER LAKE
РЕУ,RU,Реутов
ASG,NZ,ASHBURTON
KME,RW,KAMEMBE
VAL,BR,VALENCA
TKK,FM,TRUK
OGS,US,OGDENSBURG
PKS,LA,PAKSANE
EDM,FR,LA ROCHE
ВЛЮ,RU,Вилючинск
VCA,VN,CAN THO
ATT,US,ATMAUTLUAK
АТТ,AM,ARTASHAT
ASN,US,TALLADEGA
COJ,AU,COONABARABRAN
ABD,IR,ABADAN
PXU,VN, PLEIKU
PEV,HU,PECS AIRPORT
ХИМ,RU,Химки
CEJ,ES,CUENCA
IXE,IN,MANGALORE
ASA,ER,ASSAB
SVZ,VE,SAN ANTONIO
ОЗУ,RU,Орехово-Зуево
ПКВ,RU,Pokrovsk
ITR,BR,ITEMBIARA
VOH,MG,VOHEMAR
KQT,TJ,QURGHONTEPPA
AOG,CN,ANSHAN
ГВА,AM,Гавар
MEI,US,MERIDIAN
VLN,VE,VALENCIA
IXB,IN,BAGDOGRA
АЗО,RU,Азов
НШХ,RU,Новошахтинск
FYJ,CN,FUYUAN
ДУУ,RU,Дубоссары
UWP,DE,Wuppertal
ЗГР,RU,Зерноград
QUL,DE,ULM RAIL STN
ZDM,PS,Ramallah
YGJ,JP,YONAGO
UIH,VN,QUI NHON
NNN,RU,Новополоцк
IGS,DE,Ingolstadt
LZS,AT,LINZ
SZV,CN,SUZHOU
ГЕР,RU,Georgievsk
KRY,CN,Karamay
TNL,UA,Ternopol
YUS,CN,YUSHU XIAN
AAH,DE,Aakhen
ZZL,DE,Schmitten
XGN,AO,Shangongo
CNN,RU,Chulman
QLX,AT,Lauterach
GUF,US,Gulf Shores
ROD,ZA,ROBERTSON
RAJ,IN,RAJKOT
SHO,SZ,MANZINI
HAG,NL,HAGUE
КУП,RU,Staraya Kupavna
IKU,KG,TAMCHY
DVO,PH,DAVAO
FYN,CN,FUYUN
MEB,AU,Melburn
WMI,PL,NOWY DWOR MAZOWIECKI
STA,DK,Skjern
PAH,US,Paducah
ДДЬ,RU,Dedovsk
SGS,PH,SANGA SANGA
BHU,IN,BHAVNAGAR
MDX,AR,MERCEDES
PUI,PG,PURENI
КОФ,RU,Kotovo
МИХ,RU,Mikhaylovka
ГРЩ,RU,Gorodisсhe
СБЛ,RU,Северобайкальск
УСЬ,RU,Усолье-Сибирское
YOK,JP,YOKOHAMA
IXU,IN,AURANGABAD
BDQ,IN,VADODARA
TEN,CN,TONGREN
ТШС,RU,Timashevsk
ПЗИ,RU,Polyarnye Zori
МЧГ,RU,Monchegorsk
ОГК,RU,Olenegorsk
СЖГ,RU,Snezhnogorsk
ZPW,DE,Schweinfurt Sud
SGE,DE,SIEGEN
KLT,DE,Kaiserslautern
KZB,US,ZACHAR BAY
EDD,AU,ERLDUNDA
PIM,US,PINE MOUNTAIN
TJN,PF,Takume 
NYT,MM,NAY PYI TAW
УГР,RU,Усогорск
ОДЦ,RU,Одинцово
RPN,IL,ROSH-PINA
CYI,TW,CHIAYI
GTW,CZ,ZLIN
CGY,PH,CAGAYAN DE ORO
BEV,IL,BEER SHEBA
БХС,RU,Bahchisaray
BNC,CG,BENI
LUZ,PL,LUBLIN
МРЬ,RU,Mirnyj
FEL,DE,Fuerstenfeldbruck
GLZ,NL,Breda
QMZ,DE,MAINZ RAIL STN
СЛЫ,RU,Svetly 
QFB,DE,FREIBURG (BRSG) RAIL STN
АКЙ,KZ,Aksay
VBS,IT,Brescia Montichiari
МУШ,RU,Murmashi
MXN,FR,Morlaix
MWX,KR,MUAN
VDH,VN,DONG HOI
QJB,SA,El-Djubayl
БББ,RU,Biklyan
УГК,RU,Угольные Копи
СЯС,RU,Sayansk
ZZI,DE,Bad-Zaltcuflen
ZZJ,DE,Linden
ZEF,DE,Furt
ZZH,DE,Emskirkhen
ZHZ,DE,Galle
ZZG,DE,Ibbenburen
ZZC,DE,Langenkhagen
ZOW,DE,Nordkhon
KZT,DE,Kayzerslautern
ZZF,DE,Belm
ZZK,DE,Nordshtemmen
ZZD,DE,Niderkassel
BGS,DE,Gifkhorn
ZZB,DE,Rayne
ZZA,DE,Bramshe
GAN,MV,GAN ISLAND
QVN,IT,AVELLINO BUS STATION
BOC,PA,Bocas Del Toro
WYA,AU,WHYALLA
CYD,BZ,SAN IGNACIO
USS,CU,SANCTI SPIRITUS
ESS,DE,ESSEN
TEV,ES,TERUEL
YOT,IL,YOTVATA 
ИСР,RU,Istra
ПДЬ,RU,Podolsk
DET,US,Detroit
ЖГР,RU,Железногорск
BWE,DE,BRAUNSCHWEIG
QWU,DE,WUERZBURG
МАЬ,RU,Mayma
BXY,KZ,BAYKONUR
UWE,DE,WIESBADEN
GES,PH,GENERAL SANTOS
TMK,VN,TAM KY
TLK,RU,Talakan
ZTR,UA,ZHITOMIR
MVQ,BY,Mogilev
BEW,MZ,BEIRA
VOD,CZ,VODOCHODY
NLI,RU,NIKOLAYEVSK-NA-AMURE
MTC,SZ,MANZINI
YCS,CA,CHESTERFIELD INLET
ERU,PG,ERUME
ERV,US,KERRVILLE
ЧХВ,RU,Черняховск
БЛЙ,RU,Балтийск
ЭЧМ,AM,Эчмиадзин
CGD,CN,Changde
QPZ,IT,Piacenza
DUI,DE,DUISBURG RAIL STN
ZIA,IT,Trento
VIC,IT,VICENZA
QKF,DE,Krefeld(Off-line Point)
BFE,DE,BIELEFELD-RR
QLP,IT,La Spezia
РТЬ,GE,Rustavi
NGK,RU,NOGLIKI
UTC,NL,UTRECHT
"ВПШ,RU,	Verkhnyaja Pyshma"
ОЗС,RU,Ozersk
ЛЧГ,RU,Luchegorsk
GNE,BE,GHENT
GED,US,Georgetown
КШД,RU,Kronshtadt
НХБ,RU,Nahkabino
ЦХВ,RU,Tskhinvali
SMA,PT,SANTA MARIA  
PWR,US,Port Walter
PUG,AU,Port Augusta
AEO,MR,AIOUN EL ATROUSS
TME,CO,TAME
KEL,DE,KIEL
ГНИ,TJ,Ганчи
ВНЬ,RU,Ванино
ТМТ,KZ,Temirtau
MPH,PH,CATICLAN
НВЫ,RU,Невинномысск
TYL,US,Talara
RED,US,Mifflin County
PVC,US,Provincetown
PVS,RU,Bukhta Providenyia
RMQ,TW,TAICHUNG
СКВ,RU,Skovorodino
ТМЯ,RU,Tommot
